做 python 接单 经济 自由 分享 方法,程序员 话题 编程 话题 python 话题 python 学习 话题 python 自学 话题 python 编程 话题 嗨 翻 python 话题 计算机 话题,python
Java 程序 代改 添加 功能 代码 讲解,"程序 代改 话题 代码 讲解 话题 后 端 开发 话题 服务 专业 修改 Java 程序 解决 bugSpringBootSSM 开发 Servlet 开发 微 服务 开发 项目 部署 环境 搭建 代码 讲解 IDEAmaven 程序 指导 数据库 连接 bug 排查 承接 Java 项目 
 二 技术 栈 JavaSSMIDEAMavenServletMYSQLSpringCloudRedisVueHTMLCSSjavascript 
 三 代码 讲解 远程 讲解 视频 讲解 编写 文档 讲解",java
Java 代写 不接 单,"Java 全栈 开发 
 Java 代写 都 不太想 接 实验报告 纯属 不想 敲字 捂 脸 R 
 接单 忙不过来 保证 项目 质量 后期 回答 
 说 一句 同行 举报 笔记 真 恶心 龌龊 对付",java
接 代码 代写,"C语言 C 编写 程序代码 代写 
 物美价廉 大学生 不 骗人 主打 一个 代码 话题 计算机专业 话题",c#
python 代写 价格公道,"python 代码 编写 100 块 一个 写不出 钱 货到付款 100300 不 
 不用 问 不 请 留下 好 题目 一次性 说 清 售出 不退 不换 python 入门 话题 Python 话题 python 学习 话题 python 一对一 指导 话题","flask,matplotlib,numpy,pandas,python,python-3.x,tkinter"
Java 接单 接单 往死里 接,"接单 小 半个 月 感谢 支持 
 	 
 想要 拓展 副业 额 额外 收入 锻炼 能力 
 	 
 技术 Java 开发 前端开发 网页 开发 项目 定做 咨询 bug 修改 
 	 
 开发 非外 包 保证 一行 代码 都 写 
 	 
 备注 来意 说 需求 用到 技术 时间 
 	 
 java 话题 springboot 话题 前端开发 话题 后 端 开发 话题 程序开发 话题 软件开发 话题","android,java,spring"
钱难 挣 屎 难吃 卑微 社畜 在线 接单 Java 程序设计 代写 Java 话题 Vue 话题,钱难 挣 屎 难吃 卑微 社畜 在线 接单 Java 程序设计 代写 Java 话题 Vue 话题,java
Python 代做代 做代 做,"Python 代跑 时间 序列 预测 分析 代码 编写 
 python 编程 深度 学习 算法 自然语言 神经网络 跑通 指导 爬虫 调试 代做 
 项目 指导 定制 改进 提升 创新 优化 
 Python Matlab C Opencv Nlp Pytorch 
 TensorFlowMatlab 代码 机器 学习 预测 bp 神经网络 Istm 粒子 群等 多种 方法 手 敲 代码 远程 代编 均 算法 创新 模型 训练 模型 优化 调度 部署 
 计算机 视觉 深度 学习 机器 学习 github 代码 环境 配置 复现 远程 服务 
 关联 pytorch tensorflow paddle 
 接 深度 机器 学习 项目 都 接 
 目标 检测 分类 分割 蒸馏 剪枝 都 接 
 留学生 Python 机器 学习 nlp 自然语言 深度 学习 计算机 视觉 英文 指导 
 数据处理 数据分析 算法 数据结构 data structure 机器 学习 machine learning 
 包括 不 限于 机器 学习 强化 学习 slam 算法 计算 视觉 知识 图谱 图像识别 程序 代做 算法 创新 目标 检测 数据分析 数据挖掘 电子 电力通信 仿真 智能算法 神经网络 三维 点云 算法 模型 远程 调试 人工智能 数据分析 时序 预测 情感 识别 文本 分析 nlp 自然语言 模型 修改 fu 导 答疑 
 Pytorch 代码 改进 跑通 预测 模型 模型 优化 增加 模块 python dai 做 预测 微调 融合 强化 学习 深度 学习 机器 学习 程序 dai 写 环境 调试 代码 调通 模型 优化 模型 修改 时间 序列 机器 学习 数据处理 开发 工程项目 主攻 Pytorch Tensorflow Yolo Unet DNN CNN GAN 
 Transformermatlab 训练 模型 优化 price 代跑 增加 模块 训练 跑通 pyTOrch 算法 性能 提升 算法 优化 创新 残差 网络 提升 算法 小 创新 点 预测 模型 对比 预测 模型 修改 优化 网络 cnn 训练 融合 创新 强化 学习 机器 学习 数学 建模 
 ai python 指导 人工智能 数据处理 调参 优化 环境 配置 代码 解读 代码 分析 训练 集 测试 集对 结构 好 cnn 训练 数据 预处理 数据 增强 学习 率 调度 器 进阶 提升 cNN 性能 LSTM 模型 GRU 模型 计算机 视觉 
 预算 过低 勿扰 保证 每一单 质量 不想 接太 便宜 单 
 帮过 不少 同学 评价 都 很 好 不接 认真负责 
 打扰","flask,matplotlib,numpy,pandas,python,python-3.x,tkinter"
咸鱼 程序 代写 擦亮 双眼,一家 真的 坑 几个 微 信号 来回 推脱 付钱 回复 最 不 回复 不 找 民警 协调 找 不到 人 咸鱼 代写 代码 真的 坑 很大 拉 黑微 信卷 钱 跑 路 机器 学习 话题 深度 学习 话题 留学生 辅导 话题,"c,c++"
python 代做 真的 贪便宜,"一分 价钱 一分货 道理 
 价 便宜 一半 骗子 随便 糊弄 东西 
 还要 回来 找 搞 真的 不 值得 
 python 话题 python 代做 话题","python,python-3.x"
Python 代做 跑 单,平台 谈好 价格 很 便宜 帮忙 调试 shap 代码 调试 好 跑 单拉 黑加 删除 真 不 懂 计算机行业 从业者 居然 害群之马 代码 还 全是 ai 写 传说 中 计算机 从业者 真 丢 这行 脸 网上 骗钱 话题 跑 单 避雷 话题 Python 话题 python 跑 单 话题 shap 话题 代码 复现 话题 代码 调试 话题,"flask,matplotlib,numpy,pandas,python,python-3.x,tkinter"
800 接 Python 编程 68 单 留学生 作业,"搞定 
 	 
 做 大 数据分析 机器 学习 提供 文字 
 内容 chatgpt 搞不定 人脑 参悟 决策 
 	 
 Python 话题 编程 话题",python
外企 牛马 代写 Excel vba 程序,"doge 外企 牛马 代写 Excel vba 右 R 小黄鱼 搜 用户 synsky 
 失望 R 咨询 太多 不 提供 教程 进群 讨论 
 	 
 萌萌 哒 R 效果 
 Excel 数据 汇总 对比 整理 人事 财务计划 
 SAP 思爱普 自动 下载 数据 控制 填表 对接 excel 自动化 减少 重复 操作 节省 宝贵时间 带薪 摸鱼 派对 R 
 视 复杂程度 个性 定制 需求 修改 满意 为止 不设 有效期 验证码 不 电脑 放心使用 星 R 
 	 
 拔草 R 调试 过程 
 1EXCEL 提供数据 文件 告知 需求 即可 
 2 涉及 SAP 自动化 请 录屏 保存 操作 视频 配合 宏 vbs 文件 发给 
 3SAP 自动化 会 频繁 测试 步骤 
 拔草 R 中 项目 
 1KE03 GD13 F01 自动 导 数据 整理 检查 
 拔草 R 已有 程序 
 1ZTPP115 批量 维护 长 文本 
 2ZTMM119 核对 工单 铭牌 数量 
 3ZTPP107 罗列 工单 生产 工序 
 4CO24 缺料 检查 
 5 数据 计算 汇总 整理 格式 自动 生成 报表 
 
 	 
 鄙视 R 问 
 黄金 薯 R 答 1 情况 会 自动 加载 程序界面 按钮 上 提示 操作 2 情况 未能 加载 快捷键 CtrlQ 加载 
 鄙视 R 问 打开 程序 文件 CtrlQ 没 
 黄金 薯 R 答 是因为 启用 宏 菜单栏 下方 会 跳出 黄底 提示 栏宏 已 禁用 点击 启用 内容 即可 设置 信任 中心 将宏 安全等级 改为 VBA 运行 
 	 
 vba 话题 excel 话题 办公自动化 话题 财务 话题 会计 话题 牛马 话题 生产 话题 生产 计划 话题 摸鱼 话题","excel,vba"
程序 代做 避雷 退退 退,"代做 内容 简单 预测 再用 算法 优化 做 精度 对比 工作量 不 大 没 时间 再 加上 实习 没法 呆 实验室 小 笔记本 跑不了 程序 找 代 做 
 要价 800 挺 有意思 本来 说 650 发了 论文 里 精度 对比 柱状图 参考 这是 预测 要出 图 马上 加价 说 出 图有 时间 成本 只想 赶紧 出 没想 太多 没 逼 逼 
 说 一周 交付 前前后后 花 四十多天 折磨 人 拖延 看 图片 中途 放弃 气不过 白送 钱 
 淘宝 评价 评了 拍 下架 售后 时间 想想 他家 店铺 好评 评分 高 原因 
 查来查 去 找 维权 路子 那位 律师 简单 说 说 钱 回来 店铺 给我发 屁用 不太好 解决 事情 不了了之 
 程序 代做 话题 代做 话题 避雷 淘宝 工程 类课 设代 做 话题 代做 避雷 话题 建模 代做 话题 代做 骗 话题 程序 代做 避雷 话题 数据分析 代做 避雷 话题","c,c++"
闲鱼 改 代码 烂 人,"说 改 就要 改完 还 不 给钱 服 
 程序 改完 都 不 文件 生成 不 第三方 程序 报错 还要 生成 文件 不 
 关键 说 生成 文件 都 会 帮 改 
 都 说不出来 卡 钱 不 给钱 
 三十元 还 不 
 第一次 修 代码 收费 50 竟然 没用到 只 30 元 
 第二次 还 接单 傻子 第二次 钱 都 没 绝 闲鱼 代码 代写 话题 代码 话题 
 wkx _ _ give _",c#
各类 编程 项目 代写,"编程 项目 代写 学生 赚取 日常 开销 
 自我介绍 在读 985CS 硕 接触 图像 CV 自然语言 NLP 生信 交叉 大 模型 方向 多年 pythoncjava 开发 经验 平台 代写 数十个 项目 均 获得好评 回头客 不少 
 项目 
 1cc 编程 
 2java 编程 
 3python 编程 
 4 各类 深度 学习 神经网络 模型 
 5 论文 复现 
 6github 复现 
 编程 话题 代写 话题 学习 日常 话题",c#
"Python 代码 帮跑 帮写 修改 程序调试 代码 复现 
 github 软件 
 机器 学习 深度 学习 调试 修改 
 985 计算机 硕士 毕业 擅长 Python PyTorch 
 Tensorflow OpenCV 代码 调试 优化 解决 各类 
 机器 学习 深度 学习 难题 
 GitHub 项目 支持 
 协助 运行 跑 通 GitHub 上 项目 提供数据 集 
 代 下载 
 计算机 视觉 图像处理 机器 学习 
 人工智能 辅导 代码 改进 代跑 通 预测 模型 
 模型 优化 增加 模块 文章 复现 python 代 
 做 预测 微调 融合 深度 学习 机器 学习 程 
 序","Python 代码 帮跑 帮写 修改 程序调试 代码 复现 
 github 软件 
 机器 学习 深度 学习 调试 修改 
 985 计算机 硕士 毕业 擅长 Python PyTorch 
 Tensorflow OpenCV 代码 调试 优化 解决 各类 
 机器 学习 深度 学习 难题 
 GitHub 项目 支持 
 协助 运行 跑 通 GitHub 上 项目 提供数据 集 
 代 下载 
 计算机 视觉 图像处理 机器 学习 
 人工智能 辅导 代码 改进 代跑 通 预测 模型 
 模型 优化 增加 模块 文章 复现 python 代 
 做 预测 微调 融合 深度 学习 机器 学习 程 
 序 代写 环境 调试 代码 调通 模型 优化 模型 
 修改 时间 序列 机器 学习 数据处理 开发 工 
 程 
 项目 主攻 PytorchTensorflow Yolo Unet 
 DNN CNNGAN Transformermatlab 训练 模 
 型 优化 price 代跑 增加 模块 训练 跑通 
 PyTOrch 算法 性能 提升 算法 优化 微 创新 残 
 差 网络 提升 算法 小 创新 点 预测 模型 对比 预 
 测 模型 修改 优化 网络 cnn 训练 融合 创 
 新 机器 学习 数学 建模 aipython 指导 人 
 工 智能 数据处理 调参 优化 环境 配置 代 
 码 解读 代码 分析 训练 集 测试 集对 结构 好 
 cnn 训练 数据 预处理 数据 增强 学习 率 
 调度 器 进阶 提升 CNN 性能 LSTM 模型 GRU 模 
 A 
 提供 代码 讲解 代码 修改 提供 源码 改进 方 
 案 提供 深度 学习 代码 指导 
 图 神经网络 改进 优化 创新 
 图 卷积 神经网络 GCNGATGraphSAGE 
 DeepGCNDeeperGCNGIN 
 Graph Embedding DeepwaIkNode2vec 
 LINEstruc2vecSDNIEMFNetMFProNE 
 网络 模型 代码 讲解 深度 学习 计算机 视 
 觉 CV 模态 3D 检测 人脸识别 
 mmdetection3d3D 目标 检测 方向 学习 
 模型 复现 训练 测试 可视化","machine-learning,python"
Python 代写,"python 代码 编写 
 1 需求 发给 需求 分析 
 2 聊 价格 周期 
 3 拍下 并用 聊天 软件 聊 详情 等待 验收 减少 沟通 成本 请 提前 需求 预算 感谢 
 Python 算法 设计 算法 修改 BUG 答疑 解决 可视化 
 大学生 话题 Python 话题 python 学习 话题 代码 话题","flask,matplotlib,numpy,pandas,python,python-3.x,tkinter"
python 代码 编写 项目 做 谱 人和事,"985 本硕 互联网 大厂 工程师 
 各个领域 方向 都 
 机器 学习 深度 学习 量化 回测 财务 分析 数据分析 数据 可视化 自动化 编码 
 	 
 python 话题 python 代写 话题 python 作业 话题","python,python-3.x"
Java 代做 曝光,"起因 小红书 评论 说 帮忙 代做 沟通 沟通 更 倾向 生怕 不 找 不停 给我发 信息 小红书 讲 好 需求 价格 后 转到 微信 
 前 提出 先交 一半 定金 显示 账号 风险 只 同意 付 30 定金 同意 收款 后 确认 帮 需求 代码 报告 后 提出 先交 一部分 钱 才能 发 转账 收到 发 代码 报告 
 项目 需求 写 很 明白 很 给出 相关 代码 框架 做 项目 都 不 需求 修改 同意 后 发来 修改 后 代码 报告 转账 后 才 发 ppt 新 修改 项目 项目 需求 相差 甚多 项目 需求 明明 写得 清清楚楚 用到 技术 他发 代码 很 大部分 不 符合要求 报告 没什么 修改 ppt 不看 做 做 很 简略 不 需求 中 分点 
 检查 对方 发来 文件 后 上网 查资料 却 发现 对方 代码 报告 网上 下载 这是 欺骗 对方 承认 代码 来自 网上 不 承担责任 不 补救 推回 解决 浪费 两天 时间 第二天 就要 上交 解决 沟通 无果 只好 熬夜 赶工 忍着 气 作业 第二天 沟通 对方 依然 拒不承认 后果 损失 不愿 承担责任 不 欺骗 作出 回应 拒 不 退款 沟通 无效 
 现已 记录 收集 举报 找代 做 看清楚 狠狠 避雷 一个 骗子 
 代做 java 项目 话题 java 话题 找 代写 话题 代码 话题 程序 话题",java
Python 代码 帮跑 帮写 修改 程序调试 代码 复现,"机器 学习 深度 学习 调试 修改 
 985 计算机 硕士 毕业 擅长 Python PyTorch 
 Tensorflow OpenCV 代码 调试 优化 解决 各类 机器 学习 深度 学习 难题 
 GitHub 项目 支持 
 协助 运行 跑 通 GitHub 上 项目 提供数据 集代 下载 
 计算机 视觉 图像处理 机器 学习 
 提供 代码 编写 修改 涵盖 图像处理 计算机 视觉 算法 识别 目标 检测 语义 分割 向量 检索 文生 图 各类 机器 学习 算法 
 环境 搭建 部署 
 搭建 Python 机器 学习 开发 环境 OpenCV 部署 深度 学习 模型 部署 各类 大 模型 GPTGemini 调用 服务 部署 
 提供 代码 详细 讲解 确保 运行 代码 更能 理解 原理   代码 调试 话题     Python 话题     python 学习 话题     代写 可接 代写 话题     python 学习 话题",python
程序 接接 接 良心,"本人 在职 程序员 一枚 想 空闲 时间 搞点 副业 挣猫 粮 
 熟悉 技术 栈 代码 都 本人 写 
 JavaJavaweb SpringBoot SpringCloud SSM 
 前端 Javascript Vue 
 Java 大 作业 课程设计 毕业设计 项目 代做 部署 答疑 
 程序 定制 化 功能 扩展 调试 启动 运行 项目 解决 项目 bug 讲解 项目 代码 
 java 话题 java 项目 话题 java 大 作业 话题","c,c++"
"文章 复现 代码 改进 代跑 通 
 文章 复现 代码 改进 代跑 通 预测 模型 模型 优化 增加 模块 python 代做 预测 微调 融合 机器 学习 程序 代写 环境 调试 代码 调通 模型 优化 模型 修改 时间 序列 机器 学习 数据处理 开发 工程项目 主攻 Pytorch 
 TensorflowYolo Unet DNNCNNGAN Transformermatlab 训练 模型 优化 price 代跑 增加 模块 训练 跑通 pyTOrch 算法 性能 提升 算法 优化 微 创新 残差 网络 提升 算法 小 创新 点 预测 模型 对比 预测 模型 修改 优","文章 复现 代码 改进 代跑 通 
 文章 复现 代码 改进 代跑 通 预测 模型 模型 优化 增加 模块 python 代做 预测 微调 融合 机器 学习 程序 代写 环境 调试 代码 调通 模型 优化 模型 修改 时间 序列 机器 学习 数据处理 开发 工程项目 主攻 Pytorch 
 TensorflowYolo Unet DNNCNNGAN Transformermatlab 训练 模型 优化 price 代跑 增加 模块 训练 跑通 pyTOrch 算法 性能 提升 算法 优化 微 创新 残差 网络 提升 算法 小 创新 点 预测 模型 对比 预测 模型 修改 优化 网络 cnn 训练 融合 创新 强化 学习 机器 学习 
 提供 代码 讲解 代码 修改 提供 源码 改进 方案 提供 深度 学习 代码 指导 图 神经网络 改进 优化 创新 
 mmdetection3d3D 目标 检测 方向 学习 模型 复现 训练 测试 可视化 
 pythonpytorch 计算机 深度 学习 机器 学习 强化 学习 github 代码 环境 配置 werobot 服务 搭建 逻辑 服务 简要 分析 环境 部署 模型 改进 微调 模型 模型 部署 BiLSTMCRF 模型 模型 增强 Neo4 擅长 领域 
 1 数据处理 数据分析 算法 数据结构 data structure 机器 学习 machine learning 深度 学习 deep learning 
 2 人工智能 artificial intelligence 回归 分类 预测 NLP 自然语言 文本 分析 情感 分析 模态 CV 计算机 视觉 感知机 
 softmax 反向 传播 原理 多层 神经网络 cnn 卷积 神经网络 正规化 优化 TF 分布式 训练 目标 分割 图像 视觉 目标 检测 rcnn coco 数据 集 目标 检测 模型 搭建 yolov6 维度 聚类 
 3 自然语言 图像处理 技术 
 4svmxgboost 随机 森林 集成 学习 
 5 关键词 提取 情感 分析 文本 分类 问答 系统 
 6RNNCNNLSTMBERT 网络 pytorch tensorflow 
 7python 数据处理 统计分析 数据 集等 
 8weibo 数据 获取 文本 分析 词云 
 9 代码 复现 模型 训练 
 10 文本 分类 图像识别 回归 预测 决策树 分类 
 科研 复现 话题 代码 话题 Python 话题 神经网络 话题 
 中介 绕道","machine-learning,python"
Java 语言 web,"代码 代做 项目 程序设计 技术 答疑 java 辅导 端 数据库 
 项目 代做 免费 部署 答疑 
 不 懂 随时 问 服务 好 主打 真诚 
 iava 程序设计 Javaweb 代码 编写 Java 辅导 Java 程序设计 MySOL 程序 Javaweb 项目 Javaweb 大 项目 
 jspservletJDBC 项目 
 熟悉 Springbootmybatisjdbcmysqlspringmvcssm 整合 前端 VUE 文档 报告 数据库 
 本人 承诺 代码 均 开发 手动 敲 
 项目 包 售后 热情 回复 快靠 谱 
 省赛 全栈 选手 
 前端 前端 入门 后 端 开发 JavawebJava",java
Linux 实验 代做 编程 代写,"代做 程序设计 代写 shell 脚本 编程 代写 包括 不 限于 pytion shell java c 语言 害羞 R 害羞 R 害羞 R 
 	 
 大学生 作业 辅导 Linux 基础 windows serverdockercentosRedhatLinux 虚拟机 操作题 都 解决 R R R 
 	 
 支持 远程 协作 支持 提供 截图 速度 回复 速度 上 号 速度 提交 不 拖拉 害羞 R 害羞 R 害羞 R 害羞 R 
 Linux 实验 代做 话题 编程语言 代写 话题 Java 话题 c 语言 编程 话题 python 编程 话题 学习 话题",linux
sql 开发 接单 中不写 sql 浑身 难受 程序员,"程序员 数据库 sql 开发 接单 中 
 sql 代写 sql 优化 模型 设计 完整 程序设计 
 提供 完整 代码 
 mysql 
 oracle 
 Postgresql 
 hive 
 数据库 
 sql 话题 数据 开发 话题 数据库 话题",sql
Python 都 写 周末 女朋友 不 在家 整点 活,"主攻 算法 基本上 都 写 涉及 金融 知识 跨行 深度 学习 机器 学习 都 小意思 周末 女朋友 出去玩 doge 整点 活冲 派对 R 
 	 
 保质保量 赞 R 
 	 
 程序员 接单 话题 代写 可接 代写 话题 python 话题 深度 学习 话题",python
matlab opencv 图像处理 课程 大 作业 代做,"第三 单 开张 害羞 R 害羞 R 害羞 R 这次 需求 不 imrotate 手写 连续 旋转 图片 展示 附带 线性插值 开张 快乐 
 提供 代写 Cpythonmatlabpclopencv 需求 
 数字图像 话题     图像处理 话题     opencv 图像处理 话题",opencv
帮写 python 代码,"帮写 python 代码 python 话题 
 python 代码 编写 50 块 一个 简单 便宜 写不出 钱 货到付款 100300 不 
 不用 问 不 请 留下 好 题目 一次性 说 清 
 PS 免费 提供 中英文 注释 需 中英文 不说 默认 中文 
 提供 现成 代码 兴趣 咨询 
 接口 自动化 框架 
 jira 平台 数据 合规 管理 预警","pandas,python,python-3.x,tkinter"
python 代码 编写 双 叒 叕 满分,"985 本硕 宇宙 鹅厂 程序员 
 方向 都 
 数据分析 数据 可视化 机器 学习 深度 学习 图像处理 量化 回测 爬虫 数据处理 金融 分析 
 	 
 python 话题 python 接单 话题 python 代写 话题",python
代码 改,"python 辅导 答疑 
 代码 改进 代跑 通 预测 模型 模型 优化 增加 模块 python 代做 预测 微调 融合 强化 学习 深度 学习 机器 学习 程序 代写 环境 调试 代码 调通 模型 优化 模型 修改 时间 序列 机器 学习 数据处理 开发 工程项目 主攻 Pytorch Tensorflow Yolo Unet DNNCNN GAN Transformermatlab 训练 模型 优化 price 代跑 增加 模块 训练 跑通 pyTOrch 算法 性能 提升 算法 优化 微 创新 残差 网络 提升 算法 小 创新 点 预测 模型 对比 预测 模型 修改 优化 网络 cnn 训练 融合 创新 强化 学习 机器 学习 数学 建模 ai python 指导 人工智能 数据处理 调参 优化 环境 配置 代码 解读 代码 分析 训练 集 测试 集对 结构 好 cnn 训练 数据 预处理 数据 增强 学习 率 调度 器 进阶 提升 cNN 性能 LSTM 模型 GRU 模型 计算机 视觉 深度 学习 图像处理 项目 辅导 
 代码 复现 话题 文献 复现 话题 计算机专业 话题 代码 讲解 话题 深度 学习 神经网络 话题 深度 学习 话题 程序员 话题 留学生 辅导 话题 大学生 话题 博士 话题",c#
"浙大 博士 擅长 接 文章 复现 人工智能 图像 分割 计算机 视觉 目标 检测 深度 学习 代码 改进 代跑 通 预测 模型 模型 优化 神经系统 增加 模块 文章 复现 python 代做 预测 微调 融合 机器 学习 程序 代写 环境 调试 代码 调通 模型 优化 模型 修改 时间 序列 图像 去 雾 图像 超分 盲 图像去噪 声盲 图像 去模糊 风格 迁移 3D 目标 检测 方向 学习 计算机 视觉 
 模型 cNN 性能 LSTM 模型 GRU 模型 自动 驾驶 目标 检测 3d 目标 检测 单目 深度 估计 双目 深度 估计 3d 点云 检测点 云 分割 单目 3d 检测 双目 3d 检测 代码 环境 配","浙大 博士 擅长 接 文章 复现 人工智能 图像 分割 计算机 视觉 目标 检测 深度 学习 代码 改进 代跑 通 预测 模型 模型 优化 神经系统 增加 模块 文章 复现 python 代做 预测 微调 融合 机器 学习 程序 代写 环境 调试 代码 调通 模型 优化 模型 修改 时间 序列 图像 去 雾 图像 超分 盲 图像去噪 声盲 图像 去模糊 风格 迁移 3D 目标 检测 方向 学习 计算机 视觉 
 模型 cNN 性能 LSTM 模型 GRU 模型 自动 驾驶 目标 检测 3d 目标 检测 单目 深度 估计 双目 深度 估计 3d 点云 检测点 云 分割 单目 3d 检测 双目 3d 检测 代码 环境 配置 werobot 服务 搭建 逻辑 服务 简要 分析 环境 部署 模型 改进 微调 模型 模型 部署 BiLSTMCRF 模型 slam 算法 计算 视觉 知识 图谱 图像识别 程序 代做 算法 创新 目标 检测 数据分析 数据挖掘 智能算法 神经网络 三维 点云 算法 模型 远程 调试 人工智能 数据分析 时序 预测 
 接 深度 学习 项目 包括 目标 检测 跟踪 语义 分割 
 1 目标 检测 基于 yolo 系列 yolov3yolov4yolov5yolov8yolov9 Transformer 系列 模型 目标 检测 识别 代做 项目 目标 检测 识别 小 目标 检测 安全帽 检测 
 2 目标 跟踪 bytetrackbotsortsmiletrack 跟踪 算法 
 3 语义 分割 deeplabv3 系列 unetunethenetsegformer 分割 算法 模型 
 4 代码 debug 帮忙 跑通 模型 数据 集 转换 Voc 转 yoloVoc 转 CoCo 
 5 深度 学习 环境 配置 
 6 人脸识别 文字 识别 口罩 检测 人脸 检测 车牌 识别 GAN yolo 工业 检测 
 高质 高效 包 售后 计算机 视觉 话题 代码 复现 话题 提供 思路 创新 点 话题 创新 点 话题 模态 人工智能 话题 深度 学习 话题 深度 学习 神经网络 话题",python
python 代码 编写 项目 回购 朋友,"诚信 待人 信以 立身 毅以 处事 
 	 
 最 道理 做 
 	 
 长而 以往 越来越 朋友 合作 合作伙伴 更 朋友 相处 
 	 
 不 辜负 一个 真诚 认真对待 一个 
 	 
 python 话题 python 代写 话题 python 期末考试 话题",python
"大学生 python 代码 代做 价格 不合理 低 
 发 题目 需求 都 会 做 辅助 python 期末 课程设计 大 作业 实践 报告 包括 不 限于 领域 Python 数据处理 图表 制作 Pyecharts 自动化 脚本 数据 可视化 数据分析 提供 机器 学习 深度 学习 编程 辅导 涵盖 模型 建立 调优 线性 回归 逻辑 回归 决策树 支持 向量 机 SVM 随机 森林 贝叶斯 网络 XGBoostLightGBMCatBoost 聚类 时间 序列 分析 技术 KMeansDBSCAN","大学生 python 代码 代做 价格 不合理 低 
 发 题目 需求 都 会 做 辅助 python 期末 课程设计 大 作业 实践 报告 包括 不 限于 领域 Python 数据处理 图表 制作 Pyecharts 自动化 脚本 数据 可视化 数据分析 提供 机器 学习 深度 学习 编程 辅导 涵盖 模型 建立 调优 线性 回归 逻辑 回归 决策树 支持 向量 机 SVM 随机 森林 贝叶斯 网络 XGBoostLightGBMCatBoost 聚类 时间 序列 分析 技术 KMeansDBSCANbiLSTMARIMA Python 数据 实验 指导 ARIMA 向量 回归 模型 VAR 长短期 记忆 网络 LSTM 卷积 神经网络 CNN 循环 神经网络 RNN GRU 注意力 机制 决策树 随机 森林 贝叶斯 逻辑 回归 聚类 线性 回归 支持 向量 机 SVM Lighrgbm Xgboost Apriori SHAP KNNCNN LSTM BiLSTM TextCNN VAE DeepFM 注意力 机制 卷积 神经网络 变分 编码 文件 脚本 组合 模型 时序 预测 单步 预测 步 预测 单 变量 变量 pytorch TensorFlow Keras 深度 学习 机器 学习 代码 复现 bug 调试 qan Istm qrucnn qcn 网络 pytorchANN 人工 神经网络 
 CNN 卷积 神经网络 
 DECISION TREE 决策树 
 RANDOM FOREST 随机 森 林 
 LOGISTIC REGRESSION 逻辑 回归 SVM 支持 向量 机 KNNK 最 邻近 算法 PCA 主 成分 分析 
 LDA 线性 判别分析 XGBOOST 试集 结构 好 cnn 训练 数据 预处理 数据 增强 学习 率 调度 器 进阶 提升 cNN 性能 LSTM 模型 GRU 模型 模态 融合 python 话题 python 代写 话题 python 可视化 话题 数据分析 话题 python 机器 学习 报告 话题",python
统统 闪开 python 我来 不贵 会,"统统 闪开 python 我来 不贵 qt 会 
 python 代码 编写 python 代做 python 解答 python 作业 辅导 python 数据处理 python 代码 修改 python 解决 python 安装 python 代码 调试 python 画图 python 数据 收集 python 配置 python 答疑 python 爬虫 
 Qt 版本 安装 远程 操控 确保 程序运行 Qt 编译 Mysql 驱动 确保 Mysql windows 平台 
 Qt 咨询 知无不言 言无不尽 
 擅长 QT 项目 C 项目 fu 导 擅长 各类 C语言 管理系统 
 python 代写 私聊 话题 留学生 python 编程 代做 代写 话题 python 作业 求 代写 话题 python 编程 话题 python 代写 私聊 话题",python
代写 Python 作业,第二周 喽 大学生 作业 物美价廉 承接 Python 大小 作业 包括 不 限于 可视化 数据分析 增删 改查 python 学习 话题 Python 作业 话题 python 编程 话题 代写 Python 作业 话题 python 入门 话题,python
"Python Matlab C Opencv NIp Pytorch 
 TensorFlow Matlab 代码 机器 学习 预测 bp 神经网络 Istm 粒子 群等 多种 方法 手 敲 代码 远程 代编 均 算法 创新 模型 训练 模型 优化 调度 部署 
 计算机 视觉 深度 学习 机器 学习 github 代码 环境 配置 复现 远程 服务 
 接 深度 机器 学习 项目 都 接 目标 检测 分类 分割 蒸馏 剪枝 都 接 留学生 Python 机器 学习 nIp 自然语言 深度 学习 计算机 视觉 英文 指导 
 数据处理 数据分析 算法 数据结构 
 datastru","Python Matlab C Opencv NIp Pytorch 
 TensorFlow Matlab 代码 机器 学习 预测 bp 神经网络 Istm 粒子 群等 多种 方法 手 敲 代码 远程 代编 均 算法 创新 模型 训练 模型 优化 调度 部署 
 计算机 视觉 深度 学习 机器 学习 github 代码 环境 配置 复现 远程 服务 
 接 深度 机器 学习 项目 都 接 目标 检测 分类 分割 蒸馏 剪枝 都 接 留学生 Python 机器 学习 nIp 自然语言 深度 学习 计算机 视觉 英文 指导 
 数据处理 数据分析 算法 数据结构 
 datastructure 机器 学习 machine learning 
 包括 不 限于 机器 学习 强化 学习 slam 算法 计算 视觉 知识 图谱 图像识别 程序 代做 算法 创新 目标 检测 数据分析 数据挖掘 电子 电力通信 仿真 智能算法 神经网络 三维 点云 算法 模型 远程 调试 人工智能 数据分析 时应 3 测情 成记 驯木 分析 nIn 白亡 时序 预测 情感 识别 文本 分析 nIp 自然语言 模型 修改 辅导 答疑 模型 修改 辅导 答疑 Pytorch 代码 改进 代跑 通 预测 模型 模型 优化 增加 模块 python 代做 预测 微调 融合 强化 学习 深度 学习 机器 学习 程序 代写 环境 调试 代码 调通 模型 优化 模型 修改 时间 序列 机器 学习 数据处理 开发 工程项目 主 IX Pytorch Tensorflow Yolo Unet DNN CNNGAN Transformermatlab 训练 模型 优化 price 代跑 增加 模块 训练 跑通 pyTOrch 算法 性能 提升 算法 优化 微 创新 残差 网络 提升 算法 小 创新 点 预测 模型 对比 预测 模型 修改 优化 网络 cnn 训练 融合 创新 强化 学习 机器 学习 数学 建模 aipython 指导 人工智能 数据处理 调参 优化 环境 配置 代码 解读 代码 分析 训练 集 测试 集对 结构 好 cnn 训练 数据 增强 学习 率 调度 器 进阶 提升 cNN 性能 LSTM 模型 GRU 模型 计算机 视觉 
 博士 辅导 机器 学习 pythonmachinelearning 深度 学习 deeplearning 人工智能 artificial 
 intelligence 回归 分类 预测 NLP 自然语言 文本 分析 情感 分析 CV 计算机 视觉 图像处理 可视化 visualizationPythonR 编程 统计 线 x 代数 linearalgebr","machine-learning,python"
"Python 代码 帮跑 帮写 修改 程序调试 代码 复现 
 github 软件 
 机器 学习 深度 学习 调试 修改 
 985 计算机 硕士 毕业 擅长 Python PyTorch 
 Tensorflow OpenCV 代码 调试 优化 解决 
 天 
 机器 学习 深度 学习 难题 
 GitHub 项目 支持 
 协助 运行 跑 通 GitHub 上 项目 提供数据 
 集复 
 代 下载 
 计算机 视觉 图像处理 机器 学习 
 人工智能 辅导 代码 改进 代跑 通 预测 模型 
 模型 优化 增加 模块 文章 复现 python 代 
 做 预测 微调 融合 深度 学习 机器 学习","Python 代码 帮跑 帮写 修改 程序调试 代码 复现 
 github 软件 
 机器 学习 深度 学习 调试 修改 
 985 计算机 硕士 毕业 擅长 Python PyTorch 
 Tensorflow OpenCV 代码 调试 优化 解决 
 天 
 机器 学习 深度 学习 难题 
 GitHub 项目 支持 
 协助 运行 跑 通 GitHub 上 项目 提供数据 
 集复 
 代 下载 
 计算机 视觉 图像处理 机器 学习 
 人工智能 辅导 代码 改进 代跑 通 预测 模型 
 模型 优化 增加 模块 文章 复现 python 代 
 做 预测 微调 融合 深度 学习 机器 学习 程 
 序 代写 环境 调试 代码 调通 模型 优化 模型 
 修改 时间 序列 机器 学习 数据处理 开发 工 
 程 
 项目 主攻 PytorchTensorflow Yolo Unet 
 DNN CNNGAN Transformermatlab 训练 模 
 型 优化 price 代跑 增加 模快 训练 跑通 
 PyTOrch 算法 性能 提升 算法 优化 微 创新 残 
 差 网络 提升 算法 小 创新 点 顽测 模型 对比 预 
 测 模型 修改 优化 网络 cnn 训练 融合 创 
 新 机器 学习 数学 建模 aipython 指导 人 
 工 智能 数据处理 调参 
 优化 环境 配置 代 
 码 解读 代码 分析 训练 集 测试 集对 结构 好 
 cnn 训练 数据 预处理 数据 增强 学习 率 
 调度 器 进阶 提升 CNN 性能 LSTM 模型 GRU 模 
 A 
 提供 代码 讲解 代码 修改 提供 源码 改进 方 
 案 提供 深度 学习 代码 指导 
 图 神经网络 改进 优化 创新 
 图 卷积 神经网络 GCNGATGraphSAGE 
 DeepGCNDeeperGCNGIN 
 Graph Embedding DeepwalkNode2vec 
 LINEstruc2vecSDNIIEMFNetMFProNE 
 网络 模型 代码 讲解 深度 学习 计算机 视 
 觉 CV 模态 3D 检测 人脸识别 
 mmdetection3d3D 目标 检测 方向 学习 
 模型 复现 训练 测试 可视化","machine-learning,python"
代码 代写,"网页 设计 web 前端 htmlcssjs 网页 设计 
 web 前端开发 javascript 特效 css 编写 jQuery 开发 小 程序 制作 
 htmlcssjs 网页 制作 html 网页 设计 html 代码 编写 
 网页 设计 静态 网页 设计 动态 网页 
 	 
 成品 模版 答疑 解惑 
 	 
 懂 技术 栈 html CSSJavaScriptvueajax 
 程序设计 代码 编写 
 Web 网页 设计 
 	 
 简单 网页 10 起步 最快 半小时 内 全天 在线 咨询 
 	 
 平台 交易 放心 接单 
 旅游 话题 网页 设计 代做 话题 网页 制作 话题 快乐 无限 供应 话题 片刻 话题 电脑知识 话题 软件设计 开发 话题 电脑 话题 boss 直聘 话题 求职 季 话题",c#
C语言 简单 程序 代写,大学生 不骗 大学生 难度 系数 价钱 可谈 不 踩 雷 话题 c 语言 学习 话题 计算机 话题 划算 话题 自用 话题 强烈推荐 话题 宝藏 话题,c
python 代 编程 卷到 吐血 节奏,天呐 搭建 模型 价格 勇气 报价 低 真 勇气 还价 价格 还成 点个 赞 python 话题 编程 话题 python 深度 学习 话题 爬虫 话题,python
代写 代码,"1211 计算机 在读 蓝桥 杯 江苏省 一可 代写 cjava 擅长 pythonhtmlcssmysql 
 2 写 小型 代码 老师 课设 作业 太 大 技术 过多 写 不来 
 3 认真负责 修改 满意 
 4 价格 30200 私聊 我视 难度 而定 
 先交 一部分 定金 满意 结款 学习 话题 代写 话题 计算机 话题 编程 话题 c 话题 java 话题 python 话题",c#
python 代码 编写 高效 谱 985 硕大 厂 程序,"985 本硕 互联网 大厂 程序员 
 python 各个领域 方向 皆 
 数据分析 机器 学习 深度 学习 量化 回测 数据处理 网络 爬虫 
 咨询 
 	 
 python 话题 python 代写 话题 留学生 python 话题",python
python 项目 代码 编写 信任 不 分 国界,"本人 985 本硕 宇宙 鹅厂 程序员 
 	 
 找 咨询 各个领域 方向 皆 包括 不 限于 算法 机器 学习 数据分析 可视化 ui 界面 
 	 
 准则 都 诚实 诚实 待人 积极向上 这是 都 
 	 
 python 话题 python 作业 话题 python 代写 话题",python
计算机 代码,"接 计算机专业 作业 
 代码 代写 辅导 调试 
 CCJAVAPYTHON 
 计算机科学 技术 话题 软件工程 话题 留学 话题 作业 话题 代码 话题 c 话题 java 话题 python 话题 算法 话题",c#
"博士生 接 人工智能 计算机 视觉 计算机科学 
 代码 改进 代跑 通 预测 模型 模型 优化 增加 
 模块 文章 复现 python 代做 预测 微调 融 
 合 深度 学习 机器 学习 程序 代写 环境 调试 
 代码 调通 模型 优化 模型 修改 时间 序列 机 
 器 学习 数据处理 开发 工程项目 主攻 Pytorch 
 TensorflowYoloUnet DNN CNNGAN 
 擅长 领域 
 1 数据处理 数据分析 算法 数据结构 data 
 structure 机器 学习 machine learning 深度 学习 
 deep learning 
 2","博士生 接 人工智能 计算机 视觉 计算机科学 
 代码 改进 代跑 通 预测 模型 模型 优化 增加 
 模块 文章 复现 python 代做 预测 微调 融 
 合 深度 学习 机器 学习 程序 代写 环境 调试 
 代码 调通 模型 优化 模型 修改 时间 序列 机 
 器 学习 数据处理 开发 工程项目 主攻 Pytorch 
 TensorflowYoloUnet DNN CNNGAN 
 擅长 领域 
 1 数据处理 数据分析 算法 数据结构 data 
 structure 机器 学习 machine learning 深度 学习 
 deep learning 
 2 人工智能 artificial intelligence 回归 分类 
 预测 NLP 自然语言 文本 分析 情感 分析 
 模态 CV 计算机 视觉 感知机 softmax 反向 
 传播 原理 多层 神经网络 cnn 卷积 神 
 网络 深度 学习 正规化 优化 TF 分布式 训练 
 目标 分割 图像 视觉 目标 检测 rcnn coco 数据 
 集 目标 检测 模型 搭建 yolov6 维度 聚类 
 3 自然语言 图像处理 技术 
 深度 学习 图像 视觉 深度 学习 指导 计算 
 机 视觉 指导 检测 分割 视频 估计 人 
 脸 目标 跟踪 图像 视频 检索 视频 理解 医学 
 影像 GAN 生成式 对抗 式 图像 生成 图像 合 
 成 神经网络 结构设计 数据处理 模型 训练 泛 
 化 图像 特征提取 匹配 视觉 表征 学习 模型 
 评估 模态 学习 视觉 预测 数据 集小 样本 
 学习 零 样本 学习 持续 学习 迁移 学习 domain 
 场景 图 视觉 定位 位姿 估计 视觉 推 
 理 视觉 问答 对比 学习 机器人 半 监督 学习 
 监督 学习 无 监督 学习 监督 学习 习 深度 学习 自然语言 
 4svmxqboost 随机 森林 集成 学习 
 5 关键词 提取 情感 分析 文本 分类 问答 系统 
 
 6RNNCNNLSTMBERT 网络 pytorch 
 tensorflow 
 7python 数据处理 统计分析 数据 集等 
 8weibo 数据 获取 文本 分析 词云 
 9 代码 复现 模型 训练 
 10 文本 分类 图像识别 回归 预测 决策树 分类 
 
 计算机 视觉 深度 学习 机器 学习 qithub 代码 环境 
 配置 复现 学习 日常 话题 人工智能 话题 毕业设计 话题 深度 学习 话题 代码 复现 话题 文章 复现 话题 计算机 视觉 话题","machine-learning,python"
985 博士 专业 接 代码 改进 代跑 通 预测 模型 模型 优化 增加 模块 文章 复现 python 代做 预测 微调 融合 深度 学习 机器 学习 程序 代写 环境 调试 代码 调通 模型 优化 模型 修改 时间 序列 机器 学习 数据处理 开发 工程项目 主攻 Pytorch Tensorflow Yolo Unet DNNCNN GAN Transformermatlab 训练 模型 优化 price 代跑 增加 模块 训练 跑通 pyTOrch 算法 性能 提升 算法 优化 微 创新 残差 网络 提升 算法 小 创新 点 预测 模型 对比 预测 模型 修改,"985 博士 专业 接 代码 改进 代跑 通 预测 模型 模型 优化 增加 模块 文章 复现 python 代做 预测 微调 融合 深度 学习 机器 学习 程序 代写 环境 调试 代码 调通 模型 优化 模型 修改 时间 序列 机器 学习 数据处理 开发 工程项目 主攻 Pytorch Tensorflow Yolo Unet DNNCNN GAN Transformermatlab 训练 模型 优化 price 代跑 增加 模块 训练 跑通 pyTOrch 算法 性能 提升 算法 优化 微 创新 残差 网络 提升 算法 小 创新 点 预测 模型 对比 预测 模型 修改 优化 网络 cnn 训练 融合 创新 机器 学习 数学 建模 ai python 指导 人工智能 数据处理 调参 优化 环境 配置 代码 解读 代码 分析 训练 集 测试 集对 结构 好 cnn 训练 数据 预处理 数据 增强 学习 率 调度 器 进阶 提升 cNN 性能 LSTM 模型 GRU 模型 
 提供 代码 讲解 代码 修改 提供 源码 改进 方案 提供 深度 学习 代码 指导 
 图 神经网络 改进 优化 创新 
 图 卷积 神经网络 GCNGATGraphSAGEDeepGCNDeeperGCNGIN 
 Graph Embedding DeepwalkNode2vecLINEstruc2vecSDNEMFNetMFProNE 网络 模型 代码 讲解 深度 学习 计算机 视觉 CV 模态 3D 检测 人脸识别 
 mmdetection3d3D 目标 检测 方向 学习 
 模型 复现 训练 测试 可视化 pythonpytorch 教学 coding 
 提供 代码 讲解 代码 修改 提供 源码 改进 方案 提供 深度 学习 代码 指导 
 机器 学习 深度 学习 联邦 学习 修改 代码 模型 贝叶斯 Python 高质量 编程 
 解决 python 包括 不 限于 数据处理 数据分析 可视化 python 机器 学习 深度 学习 编程 代写 
 matplotlibsklearnnumpypandastensorflowpytorch 工具 
 项目 指导 定制 改进 提升 创新 优化 
 Python Matlab C Opencv Nlp Pytorch TensorFlowMatlab 代码 机器 学习 预测 bp 神经网络 lstm 粒子 群等 多种 方法 手 敲 代码 远程 代编 均 算法 创新 模型 训练 模型 优化 调度 部署 
 计算机 视觉 深度 学习 机器 学习 github 代码 环境 配置 复现 
 做 质量保证 
 精力有限 白菜价 中介 勿扰 不 成功 不 收费 可接 急单 
 代码 复现 话题 代码 话题 代码 改进 话题 代码 调试 话题 留学生 辅导 话题 论文 写作 话题","machine-learning,python,tensorflow"
Java 代做 代写 springBoot 项目,"在线 接单 Java 代做 代写 springBoot 项目 开 发 bug 修改 新 功能 添加 后台 管理系统 项目 部署 运行 Vue 前端 页面 修改 Linux 系统 windows 系统 mac 系统 Mysqlnginxredis 软件 安装 
 Java 指导 答疑 修复 讲解 
 后端 SpringBootSSMJSPJavaWebMybatisMySQLSpringSpring MVC 
 前端 HtmlVUE 
 咨询","java,spring-boot"
"深度 学习 Python dai 做 指导 
 深度 学习 Python 人工智能 项目 dai 做 指导 答疑 模型 训练 服务 
 Python 项目 代做 涵盖 预测 融合 微调 深度 学习 强化 学习 机器 学习 程序 代写 包括 环境 调试 代码 调通 模型 优化 模型 修改 涉及 时间 序列 数据处理 软件开发 工程 
 技术 方向 PytorchTensorflowYOLOUNetDNNCNNGANTransformer MATLAB 模型 训练 优化 专注 提升 算法 性能 创新 微 创新 优化 残差 网络 对比 预测 模型","深度 学习 Python dai 做 指导 
 深度 学习 Python 人工智能 项目 dai 做 指导 答疑 模型 训练 服务 
 Python 项目 代做 涵盖 预测 融合 微调 深度 学习 强化 学习 机器 学习 程序 代写 包括 环境 调试 代码 调通 模型 优化 模型 修改 涉及 时间 序列 数据处理 软件开发 工程 
 技术 方向 PytorchTensorflowYOLOUNetDNNCNNGANTransformer MATLAB 模型 训练 优化 专注 提升 算法 性能 创新 微 创新 优化 残差 网络 对比 预测 模型 数据 预处理 增强 提升 CNN 性能 构建 LSTMGRU 模型 模态 融合 学习 日常 话题 python 话题 在读 博士 成绩 均 85","machine-learning,python"
"代码 改进 跑通 创新 点 文章 复现 人工智能 
 创新 点 复现 创新 点 代码 改进 跑通 深度 学习 模型 优化 预测 Python 代跑 时间 序列 预测 分析 代码 编写 python 编程 深度 学习 算法 自然语言 神经网络 跑通 项目 指导 定制 代做 改进 提升 创新 优化 Python Matlab C Opencv Nlp Pytorch 
 TensorFlowMatlab 代码 机器 学习 预测 bp 神经网络 Istm 粒子 群等 多种 方法 手 敲 代码 远程 代编 均 算法 创新 模型 训练 模型 优化 调度 部署 计算机 视觉 深度 学习 机器 学习 gith","代码 改进 跑通 创新 点 文章 复现 人工智能 
 创新 点 复现 创新 点 代码 改进 跑通 深度 学习 模型 优化 预测 Python 代跑 时间 序列 预测 分析 代码 编写 python 编程 深度 学习 算法 自然语言 神经网络 跑通 项目 指导 定制 代做 改进 提升 创新 优化 Python Matlab C Opencv Nlp Pytorch 
 TensorFlowMatlab 代码 机器 学习 预测 bp 神经网络 Istm 粒子 群等 多种 方法 手 敲 代码 远程 代编 均 算法 创新 模型 训练 模型 优化 调度 部署 计算机 视觉 深度 学习 机器 学习 github 代码 环境 配置 复现 远程 服务 关联 pytorch 
 tensorflowpaddle 
 接 深度 机器 学习 项目 都 目标 检测 分类 分割 蒸馏 剪枝 都 留学生 Python 机器 学习 nlp 自然语言 深度 学习 计算机 视觉 英文 指导 
 数据处理 数据分析 算法 数据结构 datastructure 机器 学习 machine learning 包括 不 限于 机器 学习 强化 学习 slam 算法 计算 视觉 知识 图谱 图像识别 程序 算法 创新 目标 检测 数据分析 数据挖掘 电子 电力通信 仿真 智能算法 神经网络 三维 点云 算法 模型 远程 调试 人工智能 数据分析 时序 预测 情感 识别 文本 分析 nlp 自然语言 模型 修改 辅导 答疑 模型 修改 辅导 答疑 Pytorch 代码 改进 可跑通 预测 模型 模型 优化 增加 模块 python 预测 微调 融合 强化 学习 深度 学习 机器 学习 程序 代写 环境 调试 代码 调通 模型 优化 模型 修改 时间 序列 机器 学习 数据处理 开发 工程 
 项目 主攻 PytorchTensorflowYoloUnet DNNCNNGAN Transformer matlab 训 l 练 模型 优化 price 代跑 增加 模块 训练 跑通 pyTOrch 算法 性能 提升 算法 优化 微 创新 残差 网络 提升 算法 小 创新 点 预测 模型 对比 预测 模型 修改 优化 网络 cnn 训练 融合 创新 强化 学习 机器 学习 数学 建模 aipython 指导 人工智能 数据处理 调参 优化 环境 配置 代码 解读 代码 分析 
 训练 集 测试 集对 结构 好 cnn 训练 数据 预处理 数据 增强 学习 率 调度 器 进阶 提升 cNN 性能 LSTM 模型 GRU 模型 计算机 视觉 
 诚信 做 非 中介 同学 前来 咨询",python
"创新 点 创新 思路 代码 改进 跑通 Python 代跑 时间 序列 预测 分析 代码 编写 
 代码 改进 跑通 涵盖 代码 改进 代跑 通 预测 模型 模型 优化 增加 模块 文章 复现 Python 代做 预测 微调 融合 深度 学习 机器 学习 程序 代写 环境 调试 代码 调通 模型 优化 模型 修改 时间 序列 机器 学习 数据处理 开发 工程 
 	 
 针对 PytorchTensorflowYoloUnetDNNCNNGANTransformermatlab 包括 训练 模型 优化 代跑 增加 模块 跑 通 提升 PyTorc 
 	 
 相","创新 点 创新 思路 代码 改进 跑通 Python 代跑 时间 序列 预测 分析 代码 编写 
 代码 改进 跑通 涵盖 代码 改进 代跑 通 预测 模型 模型 优化 增加 模块 文章 复现 Python 代做 预测 微调 融合 深度 学习 机器 学习 程序 代写 环境 调试 代码 调通 模型 优化 模型 修改 时间 序列 机器 学习 数据处理 开发 工程 
 	 
 针对 PytorchTensorflowYoloUnetDNNCNNGANTransformermatlab 包括 训练 模型 优化 代跑 增加 模块 跑 通 提升 PyTorc 
 	 
 相关 模型 包括 ConvNextFCNUNetSegNetPSPNetResNetDeeplab 系列 HRNet 系列 Vision TransformerTransUNetSegFormerPVTNet 提供 模型 改进 辅导 
 	 
 涉及 SwinTransformerSwinUNetPytorchTensorFlowkeras 代码 改进 代跑 通 预测 模型 模型 优化 增加 模块 python 代做 预测 微调 融合 深度 学习 机器 学习 程序 代写 环境 调试 代码 调通 模型 优化 模型 修改 时间 序列 机器 学习 数据处理 开发 工程 
 	 
 解决 python 包括 不 限于 数据处理 数据分析 可视化 python 机器 学习 深度 学习 编程 代写 matplotlibsklearnnumpypandastensorflowpytorch 工具 
 	 
 提供 项目 指导 定制 改进 提升 创新 优化 包括 PythonMatlabCOpencvNlpPytorchTensorFlowMatlab 代码 机器 学习 预测 bp 神经网络 lstm 粒子 群等 多种 方法 手 敲 代码 远程 代编 均 算法 创新 模型 训练 模型 优化 调度 部署 
 	 
 闲时 做 保质保量 包 售后 答疑 
 价格 需求 难度 工作量 而定 
 点 想要",python
python 代码 编写 代码 改进 跑通 涵盖 代码 改进 代跑 通 预测 模型 模型 优化 增加 模块 文章 复现 Python 代做 预测 微调 融合 深度 学习 机器 学习 程序 代写 环境 调试 代码 调通 模型 优化 模型 修改 时间 序列 机器 学习 数据处理 开发 工程 matlab 话题,python 代码 编写 代码 改进 跑通 涵盖 代码 改进 代跑 通 预测 模型 模型 优化 增加 模块 文章 复现 Python 代做 预测 微调 融合 深度 学习 机器 学习 程序 代写 环境 调试 代码 调通 模型 优化 模型 修改 时间 序列 机器 学习 数据处理 开发 工程 matlab 话题,"machine-learning,python"
生活 好 Java 代写 不接 单,"Java 全栈 开发 微笑 R 
 害羞 R 
 Java 代写 都 不太想 接 实验报告 纯属 不想 敲字 害羞 R 害羞 R 
 	 
 接单 忙不过来 保证 项目 质量 后期 回答 
 说 一句 同行 举报 笔记 真 恶心 龌龊 对付 
 R R R 
 java 话题     代写 话题     程序员 话题",java
python 报价 低,"大学生 python 代码 代做 价格便宜 发 题目 需求 都 会 做 辅助 python 报告 期末 大作 包括 不 限于 领域 Python 数据处理 图表 制作 Pyecharts 自动化 脚本 数据 可视化 数据分析 提供 机器 学习 深度 学习 编程 辅导 涵盖 模型 建立 调优 线性 回归 逻辑 回归 决策树 支持 向量 机 SVM 随机 森林 贝叶斯 网络 XGBoostLightGBMCatBoost 聚类 时间 序列 分析 技术 KMeansDBSCANbiLSTMARIMA Python 数据 实验 指导 ARIMA 向量 回归 模型 VAR 长短期 记忆 网络 LSTM 卷积 神经网络 CNN 循环 神经网络 RNN GRU 注意力 机制 决策树 随机 森林 贝叶斯 逻辑 回归 聚类 线性 回归 支持 向量 机 SVM Lighrgbm Xgboost Apriori SHAP KNNCNN LSTM BiLSTM TextCNN VAE DeepFM 注意力 机制 卷积 神经网络 变分 编码 文件 脚本 组合 模型 时序 预测 单步 预测 步 预测 单 变量 变量 pytorch TensorFlow Keras 深度 学习 机器 学习 代码 复现 bug 调试 qan Istm qrucnn qcn 网络 pytorchANN 人工 神经网络 
 CNN 卷积 神经网络 
 DECISION TREE 决策树 
 RANDOM FOREST 随机 森 林 
 LOGISTIC REGRESSION 逻辑 回归 SVM 支持 向量 机 KNNK 最 邻近 算法 PCA 主 成分 分析 
 LDA 线性 判别分析 XGBOOST 试集 结构 好 cnn 训练 数据 预处理 数据 增强 学习 率 调度 器 进阶 提升 cNN 性能 LSTM 模型 GRU 模型 模态 融合 
 做 可接 急单 python 话题 python 编程 话题 python 爬虫 话题 python 爬虫 话题 python 机器 学习 话题 python 办公自动化 话题 python 辅导 话题 python 培训 话题 python 代做 话题 python 入门 学习 话题",python
"Java 项目 代写 行业 管理系统 程序 
 多年 全栈 经验 前段 后端 jia 格 很 便宜 
 后台 管理系统 
 springbootssmvuehtmljavaweb 各种类型 
 代改 bug 代码 调试 环境 安装 部署 
 java 代做 文档 代写 报告 代写 
 java 代码 编码 springboot 系统 ssm 软件 项目 开发 调试 运行 
 bug 修改 源码 讲解 
 资深 工作 经验 开发 工程师 
 包 售后 答疑 后期 白 随便 问 java 话题 代码 调试 话题 软件设计 开发 话题 c 语言 学习 话题 代码 调试 话题 bug","Java 项目 代写 行业 管理系统 程序 
 多年 全栈 经验 前段 后端 jia 格 很 便宜 
 后台 管理系统 
 springbootssmvuehtmljavaweb 各种类型 
 代改 bug 代码 调试 环境 安装 部署 
 java 代做 文档 代写 报告 代写 
 java 代码 编码 springboot 系统 ssm 软件 项目 开发 调试 运行 
 bug 修改 源码 讲解 
 资深 工作 经验 开发 工程师 
 包 售后 答疑 后期 白 随便 问 java 话题 代码 调试 话题 软件设计 开发 话题 c 语言 学习 话题 代码 调试 话题 bug 修改 话题 后台 管理系统 话题 springboot 话题 ssm 框架 话题",java
python 采集 1688 商城 数据,"今日 协助 一位 老 顾客 采集 1688 商城 相关 数据 
 	 
 微笑 R 本人 985 研究生 热爱 这份 乐于助人 采集 工作 采集 爬取 数据 作业 代写 辅导 python 程序 需求 找 低价 萌萌 哒 R 
 python 爬虫 话题     python 代写 话题     python 编程 话题   python 辅导 话题",python
Python 接单,"python 爬虫 在线 接单 
 Python 
 c 接单 
 1 代码 纠错 修改 补充 20 以内 纠错 难易 程度 
 2 简单 爬虫 80 以内 编写 代码 工作量 大小 
 3 爬虫 300 以内 网站 复杂程度 
 备注 麻烦 山 提供 预算 園 
 python 话题 python 爬虫 话题 
 爬虫 接单 
 Python 
 pvthon 学习 话题 爬虫 井 学习 话题 代做 话题","flask,matplotlib,numpy,pandas,python,python-3.x,tkinter"
"代码 改进 跑通 涵盖 代码 改进 代跑 通 预测 模型 模型 优化 增加 模块 文章 复现 Python 代做 预测 微调 融合 深度 学习 机器 学习 程序 代写 环境 调试 代码 调通 模型 优化 模型 修改 时间 序列 机器 学习 数据处理 开发 工程 
 针对 PytorchTensorflowYoloUnetDNNCNNGANTransformermatlab 包括 训练 模型 优化 代跑 增加 模块 跑 通 提升 PyTorch 算法 性能 算法 优化 微 创新 残差 网络 提升 算法 小 创新 点 预测 模型 对比 预测 模型 修改 优化 网","代码 改进 跑通 涵盖 代码 改进 代跑 通 预测 模型 模型 优化 增加 模块 文章 复现 Python 代做 预测 微调 融合 深度 学习 机器 学习 程序 代写 环境 调试 代码 调通 模型 优化 模型 修改 时间 序列 机器 学习 数据处理 开发 工程 
 针对 PytorchTensorflowYoloUnetDNNCNNGANTransformermatlab 包括 训练 模型 优化 代跑 增加 模块 跑 通 提升 PyTorch 算法 性能 算法 优化 微 创新 残差 网络 提升 算法 小 创新 点 预测 模型 对比 预测 模型 修改 优化 网络 CNN 训练 融合 创新 机器 学习 数学 建模 AIPython 指导 人工智能 数据处理 调参 优化 环境 配置 代码 解读 代码 分析 利用 训练 集 测试 集对 优质 CNN 训练 数据 预处理 数据 增强 学习 率 调度 器来 进阶 提升 CNN 性能 LSTM 模型 GRU 模型 提供 代码 讲解 代码 修改 源码 改进 方案 深度 学习 代码 指导 
 图 神经网络 改进 优化 创新 包括 图 卷积 神经网络 GCNGATGraphSAGEDeepGCNDeeperGCNGIN Graph Embedding 相关 DeepwalkNode2vecLINEstruc2vecSDNEMFNetMFProNE 网络 模型 代码 讲解 深度 学习 计算机 视觉 CV 模态 3D 检测 人脸识别 mmdetection3d3D 目标 检测 方向 学习 模型 复现 训练 测试 可视化 PythonPytorch 教学 coding 
 研究 领域 涉及 深度 学习 自动 驾驶 目标 检测 3D 目标 检测 单目 深度 估计 双目 深度 估计 3D 点云 检测点 云 分割 单目 3D 检测 双目 3D 检测 BEV 感知 lssbevdetbevformerpetr 语义 分割 纯 视觉 传感器 融合 3D 检测 涉及 kittinuscene 主流 自动 驾驶 数据 集 
 文献 代码 改进 融合 算法 创新 模型 训练 模型 优化 调度 项目 部署 训练 数据 集预 训练 模型 构建 RNN 模型 
 计算机 深度 学习 机器 学习 github 代码 环境 配置 werobot 服务 搭建 逻辑 服务 简要 分析 环境 部署 模型 改进 微调 模型 模型 部署 BiLSTMCRF 模型 增强 关联 PytorchTensorflowpaddle RNNCNNLSTMBERT 网络 
 擅长 领域 包括 数据处理 数据分析 算法 数据结构 机器 学习 深度 学习 人工智能 回归 分类 预测 NLP 自然语言 文本 分析 情感 分析 模态 CV 计算机 视觉 感知机 softmax 反向 传播 原理 多层 神经网络 CNN 卷积 神经网络 深度 学习 正","machine-learning,python"
"985 博士 闲暇 时间 接单 先来 先 做 
 代码 改进 代跑 通 预测 模型 模型 优化 增加 模块 python 代做 预测 微调 融合 强化 学习 深度 学习 机器 学习 程序 代写 环境 调试 代码 调通 模型 优化 模型 修改 时间 序列 机器 学习 数据处理 开发 工程项目 主攻 Pytorch Tensorflow Yolo Unet DNNCNN GAN Transformermatlab 训练 模型 优化 price 代跑 增加 模块 训练 跑通 pyTOrch 算法 性能 提升 算法 优化 微 创新 残差 网络 提升 算法 小 创新 点 预测 模","985 博士 闲暇 时间 接单 先来 先 做 
 代码 改进 代跑 通 预测 模型 模型 优化 增加 模块 python 代做 预测 微调 融合 强化 学习 深度 学习 机器 学习 程序 代写 环境 调试 代码 调通 模型 优化 模型 修改 时间 序列 机器 学习 数据处理 开发 工程项目 主攻 Pytorch Tensorflow Yolo Unet DNNCNN GAN Transformermatlab 训练 模型 优化 price 代跑 增加 模块 训练 跑通 pyTOrch 算法 性能 提升 算法 优化 微 创新 残差 网络 提升 算法 小 创新 点 预测 模型 对比 预测 模型 修改 优化 网络 cnn 训练 融合 创新 强化 学习 机器 学习 数学 建模 ai python 指导 人工智能 数据处理 调参 优化 环境 配置 代码 解读 代码 分析 训练 集 测试 集对 结构 好 cnn 训练 数据 预处理 数据 增强 学习 率 调度 器 进阶 提升 cNN 性能 LSTM 模型 GRU 模型 
 熟悉 目标 检测 算法 YOLO 系列 fasterRCNN 系列 RTMDETDINO Onestagetwostage 算法 
 熟悉 pytorchtensorflowpaddle 深度 学习 框架 相关 安装 模型 量化 部署 DOCKER File 编写 镜像 制作 
 再 做 不 闲聊 数据 作业 均 保密 高质量","machine-learning,python,tensorflow"
"博士 在读 人工智能 代跑 通 预测 模型 模型 优化 增加 模块 文章 复现 python 代做 预测 微调 融合 深度 学习 机器 学习 程序 代写 环境 调试 代码 调通 模型 优化 模型 修改 时间 序列 机器 学习 数据处理 开发 工程项目 主攻 PytorchTensorflow Yolo UnetDNN 
 CNNGANTransformermatlab 训练 模型 优化 price 代跑 增加 模块 训练 跑通 
 pyTOrch 算法 性能 提升 算法 优化 微 创新 残差 网络 提升 算法 小 创新 点 预测 模型 对比 预测 模型 修改 优化 网络 cn","博士 在读 人工智能 代跑 通 预测 模型 模型 优化 增加 模块 文章 复现 python 代做 预测 微调 融合 深度 学习 机器 学习 程序 代写 环境 调试 代码 调通 模型 优化 模型 修改 时间 序列 机器 学习 数据处理 开发 工程项目 主攻 PytorchTensorflow Yolo UnetDNN 
 CNNGANTransformermatlab 训练 模型 优化 price 代跑 增加 模块 训练 跑通 
 pyTOrch 算法 性能 提升 算法 优化 微 创新 残差 网络 提升 算法 小 创新 点 预测 模型 对比 预测 模型 修改 优化 网络 cnn 训练 融合 创新 机器 学习 数学 建模 aipython 指导 人工智能 数据处理 调参 优化 环境 配置 代码 解读 代码 分析 提供 代码 讲解 代码 修改 提供 源码 改进 方案 提供 深度 学习 代码 指导 
 承接 文献 复现 Matlab Python 两大 主流 科研 做 随时 咨询 
 白菜价 中介 勿扰 Python 话题 python 学习 话题 模型 话题 代码 改进 跑通 话题 深度 学习 话题 机器 学习 话题 代码 复现 话题 改进 代码 话题","machine-learning,python"
"经验丰富 做主 做 高质量 售后 无忧 OpenCV 搭建 DNN 模块 实战 目标 追踪 深度 学习 计算机 视觉 目标 检测 
 人工智能 接 Python 深度 学习 机器 学习 代做 计算机 视觉 自然语言 模型 创新 算法 改进 代码 跑通 配置 环境 提供 项目 答疑 指导 服务 做 英文 项目 python 代做 强化 学习 深度 学习 机器 学习 程序 代写 环境 调试 代码 调通 模型 优化 模型 修改 数据处理 项目 主攻 Pytorch Tensorflow Yolo Unet DNNCNN GAN 
 Transformer 训练","经验丰富 做主 做 高质量 售后 无忧 OpenCV 搭建 DNN 模块 实战 目标 追踪 深度 学习 计算机 视觉 目标 检测 
 人工智能 接 Python 深度 学习 机器 学习 代做 计算机 视觉 自然语言 模型 创新 算法 改进 代码 跑通 配置 环境 提供 项目 答疑 指导 服务 做 英文 项目 python 代做 强化 学习 深度 学习 机器 学习 程序 代写 环境 调试 代码 调通 模型 优化 模型 修改 数据处理 项目 主攻 Pytorch Tensorflow Yolo Unet DNNCNN GAN 
 Transformer 训练 模型 算法 优化 微 创新 残差 网络 提升 算法 小 创新 点 预测 模型 对比 预测 模型 修改 优化 网络 cnn 训练 融合 创新 机器 学习 数学 建模 python 指导 人工智能 数据处理 调参 优化 环境 配置 代码 解读 代码 分析 训练 集 测试 集对 结构 好 cnn 训练 数据 预处理 数据 增强 学习 率 调度 器 进阶 提升 cNN 性能 LSTM 模型 GRU 模型 模态 融合 图像 语义 分割 人脸识别 联邦 学习 评估 二维 改进 三维 高维 自然 计算方法 多元 空间 反向 学习 混合 变异 集成 学习 策略 推理 规则 提供 代码 讲解 代码 修改 提供 源码 改进 方案 提供 深度 学习 代码 指导 网络 模型 代码 讲解","machine-learning,python"
985 在读 博士 接 深度 学习 项目 文章 复现 代码 改进 代跑 通 预测 模型 模型 优化 增加 模块 python 代做 预测 微调 融合 强化 学习 深度 学习 机器 学习 程序 代写 环境 调试 代码 调通 模型 优化 模型 修改 时间 序列 机器 学习 数据处理 开发 工程项目 主攻 Pytorch Tensorflow Yolo Unet DNNCNN GAN Transformermatlab 训练 模型 优化 price 代跑 增加 模块 训练 跑通 pyTOrch 算法 性能 提升 算法 优化 微 创新 残差 网络 提升 算法 小 创新 点 预测 模,"985 在读 博士 接 深度 学习 项目 文章 复现 代码 改进 代跑 通 预测 模型 模型 优化 增加 模块 python 代做 预测 微调 融合 强化 学习 深度 学习 机器 学习 程序 代写 环境 调试 代码 调通 模型 优化 模型 修改 时间 序列 机器 学习 数据处理 开发 工程项目 主攻 Pytorch Tensorflow Yolo Unet DNNCNN GAN Transformermatlab 训练 模型 优化 price 代跑 增加 模块 训练 跑通 pyTOrch 算法 性能 提升 算法 优化 微 创新 残差 网络 提升 算法 小 创新 点 预测 模型 对比 预测 模型 修改 优化 网络 cnn 训练 融合 创新 强化 学习 机器 学习 数学 建模 ai python 指导 人工智能 数据处理 调参 优化 环境 配置 代码 解读 代码 分析 训练 集 测试 集对 结构 好 cnn 训练 数据 预处理 数据 增强 学习 率 调度 器 进阶 提升 cNN 性能 LSTM 模型 GRU 模型 
 提供 代码 讲解 代码 修改 提供 源码 改进 方案 提供 深度 学习 代码 指导 
 图 神经网络 改进 优化 创新 
 图 卷积 神经网络 GCNGATGraphSAGEDeepGCNDeeperGCNGIN 
 Graph Embedding DeepwalkNode2vecLINEstruc2vecSDNEMFNetMFProNE 网络 模型 代码 讲解 深度 学习 计算机 视觉 CV 模态 3D 检测 人脸识别 
 mmdetection3d3D 目标 检测 方向 学习 
 模型 复现 训练 测试 可视化 pythonpytorc 
 接 各类 机器 学习 深度 学习 自然语言 图像处理 计算机 视觉 相关 竞赛 算法 python 相关 代码 
 研究 领域 涉及 深度 学习 自动 驾驶 目标 检测 3d 目标 检测 单目 深度 估计 双目 深度 估计 3d 点云 检测点 云 分割 单目 3d 检测 双目 3d 检测 bev 感知 lssbevdetbevformerpetr 语义 分割 纯 视觉 传感器 融合 3d 检测 涉及 kittinuscene 主流 自动 驾驶 数据 集 3d 检测 提供 指导 985 博士 在读 手 敲代编 文献 代码 改进 融合 算法 创新 模型 训练 模型 优化 调度 项目 部署 训练 数据 集预 训练 模型 构建 rNN 模型 
 计算机 深度 学习 机器 学习 强化 学习 github 代码 环境 配置 werobot 服务 搭建 逻辑 服务 简要 分析 环境 部署 模型 改进 微调 模型 模型 部署 BiLSTMCRF 模型 模型 增强 Neo4j 
 关联 pytorch tensorflowpaddle 
 RNNCNNLSTMBERT 
 接 深度 机器 学习 项目 都 接 
 目标 检测 分类 分割 蒸馏 剪枝 都 接 
 留学生 Python 机器 学习 nlp 自然语言 深度 学习 计算机 视觉 英文 指导 
 接 精力有限 找","machine-learning,python,tensorflow"
Java 开发,"专业 修改 java 代码 修改 开发 bug 调试 项目 部署 springbootssm 代写 代做 eclipseIDEAmaven 程序 指导 框架 集成 项目 搭建 java 项目 
 本地 部署 远程 调试 二次开发 
 Java 代做 在线 接单 程序设计 代改 bug 代码 调试 Spring bootjspMVC 系统升级 项目 讲解 咨询 服务器 部署 
 Java 程序开发 二次开发 软件 定制 
 咨询 
 拍前 沟通 需求 灵活 定价 
 长期 在线 
 Java 话题 代做 微 服务 小 程序 控制台 企业应用 
 咨询 备注 好 需求 周期 
 不 成功 不 收费",java
"深度 强化 学习 人工智能 代跑 通 预测 模型 模型 优化 增加 模块 文章 复现 python 代做 预测 微调 融合 深度 学习 机器 学习 程序 代写 环境 调试 代码 调通 模型 优化 模型 修改 时间 序列 机器 学习 数据处理 开发 工程项目 主攻 PytorchTensorflow Yolo UnetDNN 
 CNNGANTransformermatlab 训练 模型 优化 price 代跑 增加 模块 训练 跑通 
 pyTOrch 算法 性能 提升 算法 优化 微 创新 残差 网络 提升 算法 小 创新 点 预测 模型 对比 预测 模型 修改 优化 网络","深度 强化 学习 人工智能 代跑 通 预测 模型 模型 优化 增加 模块 文章 复现 python 代做 预测 微调 融合 深度 学习 机器 学习 程序 代写 环境 调试 代码 调通 模型 优化 模型 修改 时间 序列 机器 学习 数据处理 开发 工程项目 主攻 PytorchTensorflow Yolo UnetDNN 
 CNNGANTransformermatlab 训练 模型 优化 price 代跑 增加 模块 训练 跑通 
 pyTOrch 算法 性能 提升 算法 优化 微 创新 残差 网络 提升 算法 小 创新 点 预测 模型 对比 预测 模型 修改 优化 网络 cnn 训练 融合 创新 机器 学习 数学 建模 aipython 指导 人工智能 数据处理 调参 优化 环境 配置 代码 解读 代码 分析 提供 代码 讲解 代码 修改 提供 源码 改进 方案 提供 深度 学习 代码 指导 
 承接 文献 复现 Matlab Python 两大 主流 科研 Python 话题 python 学习 话题 模型 话题 代码 改进 跑通 话题 深度 学习 话题 机器 学习 话题 代码 复现 话题 改进 代码 话题","machine-learning,python"
"程序 代做 图像处理 程序 代写 算法 设计 
 目标 检测 识别 去 噪 去模糊 模式识别 
 机器 学习 深度 学习 支持 向量 机 SVM 神经网络 
 python C matlab 程序 代写 matlab 话题","程序 代做 图像处理 程序 代写 算法 设计 
 目标 检测 识别 去 噪 去模糊 模式识别 
 机器 学习 深度 学习 支持 向量 机 SVM 神经网络 
 python C matlab 程序 代写 matlab 话题",python
淘宝 写 代码 都 人,"读研 时 毕业 后 一度 无聊 发慌 闲鱼 上 代码 代写 服务 见识 奇奇怪怪 需求 
 	 
 1 大学生 需求 目标 检测 算法 检测 火星 陨石坑 
 	 
 听到 需求 时 一脸 震惊 万万 没想到 深度 学习 大水 泛滥 天文学 界 
 	 
 沟通 后 发现 数据 现成 手工 标注 
 做 目的 应付 课程 作业 立刻 察觉到 费力 无利可图 项目 果断 告知 需求 太 麻烦 做不了 做 提供 咨询服务 即可 
 	 
 问 一堆 基础 后 放弃 项目 白白浪费 多个 晚上 时间 收入 0 元 
 	 
 2 研究生 需求 评价 指标 代码 
 	 
 后 发现 模型 表现 不 符合 预期 模型 不 业务范围 之内 
 不满 之下 取消 订单 主动 帮 分析 实验 查 论文 再换 一个 评价 指标 后 模型 想要 
 只 需 一个 晚上 事情 花 3 天 时间 收入 298 
 	 
 3 大学生 需求 课程 作业 一个 插值 函数 代码 
 	 
 代码 十分钟 搞定 发给 后 跑 不 看 发现 python 环境 打字 沟通 多轮 无果 后 远程 帮 配好 环境 程序 运行 收入 99 
 	 
 4 研究生 需求 课程 作业 sklearn 包 入门 学习 
 	 
 一份 jupyter notebook 代码 打开 一看 貌似 都 现成 回车 运行 即可 唯一 需求 代码 某处 学号 过程 轻松 加 愉快 唯一 不爽 还 帮 一份 实验报告 
 本来 不想 代写 实验报告 后续 多份 作业 需求 都 找 接单 订单 再也 收入 99 
 	 
 5 研究生 复现 某篇 论文 实验 
 	 
 接单 时 甩 一段 需求 文字 一看 论文 机 翻找 拿到 原 论文 后 沟通 需求 发现 最 概念 搞不清楚 后续 沟通 扯皮 果断 说 做不了 另请高明 
 	 
 
 	 
 网上 接单 太 麻烦 需求 耗时 较长 人 价格 不高 单 性价比 太低 
 简单 需求 需求者 纯小白要 花 时间 沟通 解释 上 吃力不讨好 做 很 受 
 经历 几个 订单 再 各种各样 奇怪 需求 脑溢血 放弃 代码 代写 服务",c#
做 python 接单 经济 自由 分享 方法,程序员 话题 编程 话题 python 话题 python 学习 话题 python 自学 话题 python 编程 话题 嗨 翻 python 话题 计算机 话题,python
Java 程序 代改 添加 功能 代码 讲解,"程序 代改 话题 代码 讲解 话题 后 端 开发 话题 服务 专业 修改 Java 程序 解决 bugSpringBootSSM 开发 Servlet 开发 微 服务 开发 项目 部署 环境 搭建 代码 讲解 IDEAmaven 程序 指导 数据库 连接 bug 排查 承接 Java 项目 
 二 技术 栈 JavaSSMIDEAMavenServletMYSQLSpringCloudRedisVueHTMLCSSjavascript 
 三 代码 讲解 远程 讲解 视频 讲解 编写 文档 讲解",java
"可接 深度 学习 python 人工智能 项目 代做 指导 答疑 
 1 擅长 opencv 图像处理 图像 分类 模型 
 2 熟悉 目标 检测 算法 YOLO 系列 fasterRCNN 系列 RTMDETDINO Onestagetwostage 算法 
 3 做过 目标 检测 项目 包括 积水 检测 悬浮物 检测 行人 重 识别 reid 异常 检测 工业 缺陷 检测 烟雾 火灾 检测 车顶 站 人 检测 安全帽 马甲 检测 短裤 短袖 口罩 识别 吸烟 检测 
 4 熟悉 实例 分割 unetdeeplabmaskrcnn 做 人体 分割 地块 分","可接 深度 学习 python 人工智能 项目 代做 指导 答疑 
 1 擅长 opencv 图像处理 图像 分类 模型 
 2 熟悉 目标 检测 算法 YOLO 系列 fasterRCNN 系列 RTMDETDINO Onestagetwostage 算法 
 3 做过 目标 检测 项目 包括 积水 检测 悬浮物 检测 行人 重 识别 reid 异常 检测 工业 缺陷 检测 烟雾 火灾 检测 车顶 站 人 检测 安全帽 马甲 检测 短裤 短袖 口罩 识别 吸烟 检测 
 4 熟悉 实例 分割 unetdeeplabmaskrcnn 做 人体 分割 地块 分割 作物 分割 项目 
 5 做过 OCR 相关 项目 发票 识别 车牌 识别 电表 读数 识别 汽车 里程 识别 IDcart 识别 营业执照 识别 证照 识别 
 6 做过 人脸识别 项目 包括 人脸 检测 图像 质量 检测 人脸 关键点 检测 68106 视频 活体 检测 单张 图片 活体 检测 人脸识别 
 7 熟悉 pytorchtensorflowpaddle 深度 学习 框架 相关 安装 模型 量化 部署 DOCKER File 编写 镜像 制作 
 8 熟悉 mmdetectionmmocrmmsegmentationdetectron2paddleOCR 相关 模型 训练 测试 量化 部署 
 9 做 AIGC LM 相关 项目 
 六轴 机械 臂 建模 DH 模型 MDH matlab 仿真 正逆 运动学 工作 空间 绘制 依据 机械 臂 结构 参数 建立 机械 臂 DH 仿真 模型 型号 机械 臂仿 MATLAB 代 z 仿真 simulink 建模 simulink 仿真 电力 电子 技术 
 1 电力 电子 仿真 BUCK 仿真 BOOST 仿真 d   c   d   c 逆变 电路 反激 电路 正激 电路 全桥 电路 UPS 半波 电路 
 2 电力系统 差动 保护 距离 保护 纵联 保护 
 相关 项目 AI 项目 需求 同学 骚扰 接收 项目 指导 项目 答疑 模型 优化 远程 部署 需求 来者不拒 
 可接 代码 辅导 代码 外 包 留学生 辅导 包括 不 限于 javapythoncc 端 提高 代码 编写 能力 算法 思维能力 
 代码 改进 代跑 通 预测 模型 模型 优化 增加 模块 python 代做 预测 微调 融合 强化 学习 深度 学习 机器 学习 程序 代写 环境 调试 代码 调通 模型 优化 模型 修改 时间 序列 机器 学习 数据处理 开发 工程","opencv,python"
接 代码 代写,"C语言 C 编写 程序代码 代写 
 物美价廉 大学生 不 骗人 主打 一个 代码 话题 计算机专业 话题",c#
python 代写 价格公道,"python 代码 编写 100 块 一个 写不出 钱 货到付款 100300 不 
 不用 问 不 请 留下 好 题目 一次性 说 清 售出 不退 不换 python 入门 话题 Python 话题 python 学习 话题 python 一对一 指导 话题","flask,matplotlib,numpy,pandas,python,python-3.x,tkinter"
Java 接单 接单 往死里 接,"接单 小 半个 月 感谢 支持 
 	 
 想要 拓展 副业 额 额外 收入 锻炼 能力 
 	 
 技术 Java 开发 前端开发 网页 开发 项目 定做 咨询 bug 修改 
 	 
 开发 非外 包 保证 一行 代码 都 写 
 	 
 备注 来意 说 需求 用到 技术 时间 
 	 
 java 话题 springboot 话题 前端开发 话题 后 端 开发 话题 程序开发 话题 软件开发 话题","android,java,spring"
R 语言 代码 代做,"r 语言 数据处理 数据分析 帮 做 R 语言 混合 线性 模型 混合 效应 模型 随机 效应 固定 效应 
 统计 数据分析 方差分析 t 检验 重 抽样 bootstrap 广义 线性 模型 Logistic 回归 泊松 回归 主 成分 因子分析 时间 序列 聚类分析 
 r 语言 作图 包括 散点图 折线图 柱状图 小提琴 图箱 型 图 
 数据处理 包括 方差分析 相关 回归 混合 线性 模型 混合 效应 模型 代码 报错 修复 数据分析 行 数据分析 话题 R 语言 话题 数据 分析师 话题 数据处理 服务 话题 去 春天里 遛 遛 话题",c
深度 学习 机器 学习 python r matlab,"Python 机器 学习 深度 学习 代做 R 语言 matlab 
 服务项目 列表 
 主营 模型 时间 序列 分析 粒子 群 无人机 路径 规划 单 目标 优化 回归 分类 预测 计算机 视觉 图像 分类 深度 学习 图像处理 图像增强 训练 过程 数据 可视化 可视化 画 混淆 矩阵 画 roc 评价 标准 
 
 数据 预处理 
 数据 清洗 缺失 值 异常 值 
 数据 转换 归一化 标准化 
 特征选择 自动 特征选择 技术 
 特征 工程 构建 新 特征 提高 模型 性能 
 数据 可视化 
 探索性 数据分析 EDA 
 统计图表 箱型 图 直方图 散点图 
 交互式 可视化 PlotlyDash 工具 
 机器 学习 算法 
 分类 算法 逻辑 回归 随机 森林 梯度 提升机 
 回归 算法 线性 回归 岭 回归 LASSO 
 聚类 算法 KMeans 层次 聚类 DBSCAN 
 降维 技术 PCAtSNEUMAP 
 深度 学习 模型 构建 
 卷积 神经网络 CNN 图像识别 图像 分割 
 循环 神经网络 RNN 时间 序列 分析 自然语言 
 生成 对抗 网络 GAN 图像 生成 风格 迁移 
 强化 学习策略 学习 环境 交互 
 数据处理 数据挖掘 数据分析 代做 
 LSTMARIMA 时间 序列 分析 
 模型 评估 优化 
 交叉 验证 K 折 交叉 验证 
 性能指标 准确率 召回 率 F1 分数 AUC 
 超 参数 调优 网格 搜索 随机 搜索 贝叶斯 优化 
 技术 文档 撰写 
 项目 报告 详细描述 项目 流程 
 代码 注释 清晰 解释 代码 逻辑 功能 
 技术 博客 分享 项目 经验 技术 见解 
 遵守 数据保护 法规 
 确保 代码 安全性 隐私 性 
 附加 服务 
 代码 审查 确保 代码 质量 性能 
 技术咨询 提供 项目 建议 解决方案 
 持续 支持 项目 后 技术支持 维护 
 技术 栈 
 Python 
 ScikitlearnTensorFlowKerasPyTorch 
 NumPyPandas 
 MatplotlibSeabornPlotlypython 话题 深度 学习 话题 机器 学习 话题 无人机 路径 规划 话题 r 语言 话题 matlab 话题","machine-learning,python"
Python 代做代 做代 做,"Python 代跑 时间 序列 预测 分析 代码 编写 
 python 编程 深度 学习 算法 自然语言 神经网络 跑通 指导 爬虫 调试 代做 
 项目 指导 定制 改进 提升 创新 优化 
 Python Matlab C Opencv Nlp Pytorch 
 TensorFlowMatlab 代码 机器 学习 预测 bp 神经网络 Istm 粒子 群等 多种 方法 手 敲 代码 远程 代编 均 算法 创新 模型 训练 模型 优化 调度 部署 
 计算机 视觉 深度 学习 机器 学习 github 代码 环境 配置 复现 远程 服务 
 关联 pytorch tensorflow paddle 
 接 深度 机器 学习 项目 都 接 
 目标 检测 分类 分割 蒸馏 剪枝 都 接 
 留学生 Python 机器 学习 nlp 自然语言 深度 学习 计算机 视觉 英文 指导 
 数据处理 数据分析 算法 数据结构 data structure 机器 学习 machine learning 
 包括 不 限于 机器 学习 强化 学习 slam 算法 计算 视觉 知识 图谱 图像识别 程序 代做 算法 创新 目标 检测 数据分析 数据挖掘 电子 电力通信 仿真 智能算法 神经网络 三维 点云 算法 模型 远程 调试 人工智能 数据分析 时序 预测 情感 识别 文本 分析 nlp 自然语言 模型 修改 fu 导 答疑 
 Pytorch 代码 改进 跑通 预测 模型 模型 优化 增加 模块 python dai 做 预测 微调 融合 强化 学习 深度 学习 机器 学习 程序 dai 写 环境 调试 代码 调通 模型 优化 模型 修改 时间 序列 机器 学习 数据处理 开发 工程项目 主攻 Pytorch Tensorflow Yolo Unet DNN CNN GAN 
 Transformermatlab 训练 模型 优化 price 代跑 增加 模块 训练 跑通 pyTOrch 算法 性能 提升 算法 优化 创新 残差 网络 提升 算法 小 创新 点 预测 模型 对比 预测 模型 修改 优化 网络 cnn 训练 融合 创新 强化 学习 机器 学习 数学 建模 
 ai python 指导 人工智能 数据处理 调参 优化 环境 配置 代码 解读 代码 分析 训练 集 测试 集对 结构 好 cnn 训练 数据 预处理 数据 增强 学习 率 调度 器 进阶 提升 cNN 性能 LSTM 模型 GRU 模型 计算机 视觉 
 预算 过低 勿扰 保证 每一单 质量 不想 接太 便宜 单 
 帮过 不少 同学 评价 都 很 好 不接 认真负责 
 打扰","flask,matplotlib,numpy,pandas,python,python-3.x,tkinter"
咸鱼 程序 代写 擦亮 双眼,一家 真的 坑 几个 微 信号 来回 推脱 付钱 回复 最 不 回复 不 找 民警 协调 找 不到 人 咸鱼 代写 代码 真的 坑 很大 拉 黑微 信卷 钱 跑 路 机器 学习 话题 深度 学习 话题 留学生 辅导 话题,"c,c++"
python 代做 真的 贪便宜,"一分 价钱 一分货 道理 
 价 便宜 一半 骗子 随便 糊弄 东西 
 还要 回来 找 搞 真的 不 值得 
 python 话题 python 代做 话题","python,python-3.x"
"Python 代码 帮跑 帮写 修改 程序调试 代码 复现 github 软件 
 机器 学习 深度 学习 调试 修改 
 985 计算机 硕士 毕业 擅长 Python PyTorch 
 Tensorflow OpenCV 代码 调试 优化 解决 各类 机器 学习 深度 学习 难题 
 GitHub 项目 支持 
 协助 运行 跑 通 GitHub 上 项目 提供数据 集代 下载 
 计算机 视觉 图像处理 机器 学习 
 提供 代码 编写 修改 涵盖 图像处理 计算机 视觉 算法 识别 目标 检测 语义 分割 向量 检索 文生 图 各类 机器 学习 算法 
 环境 搭","Python 代码 帮跑 帮写 修改 程序调试 代码 复现 github 软件 
 机器 学习 深度 学习 调试 修改 
 985 计算机 硕士 毕业 擅长 Python PyTorch 
 Tensorflow OpenCV 代码 调试 优化 解决 各类 机器 学习 深度 学习 难题 
 GitHub 项目 支持 
 协助 运行 跑 通 GitHub 上 项目 提供数据 集代 下载 
 计算机 视觉 图像处理 机器 学习 
 提供 代码 编写 修改 涵盖 图像处理 计算机 视觉 算法 识别 目标 检测 语义 分割 向量 检索 文生 图 各类 机器 学习 算法 
 环境 搭建 部署 
 搭建 Python 机器 学习 开发 环境 OpenCV 部署 深度 学习 模型 部署 各类 大 模型 GPTGemini 调用 服务 部署 
 提供 代码 详细 讲解 确保 运行 代码 更能 理解 原理 代码 调试 话题 Python 话题 python 学习 话题 代写 可接 代写 话题 python 学习 话题",python
Python 代做 跑 单,平台 谈好 价格 很 便宜 帮忙 调试 shap 代码 调试 好 跑 单拉 黑加 删除 真 不 懂 计算机行业 从业者 居然 害群之马 代码 还 全是 ai 写 传说 中 计算机 从业者 真 丢 这行 脸 网上 骗钱 话题 跑 单 避雷 话题 Python 话题 python 跑 单 话题 shap 话题 代码 复现 话题 代码 调试 话题,"flask,matplotlib,numpy,pandas,python,python-3.x,tkinter"
800 接 Python 编程 68 单 留学生 作业,"搞定 
 	 
 做 大 数据分析 机器 学习 提供 文字 
 内容 chatgpt 搞不定 人脑 参悟 决策 
 	 
 Python 话题 编程 话题",python
代写 web 前端 htmlcssJavaScriptvuereact 挣点 生活费 绿 泡泡 看 背景 web 网页 制作 话题 html 静态 网页 设计 制作 话题 javascript 话题,代写 web 前端 htmlcssJavaScriptvuereact 挣点 生活费 绿 泡泡 看 背景 web 网页 制作 话题 html 静态 网页 设计 制作 话题 javascript 话题,"html,javascript"
接 代码 代写 代码 修改,java 话题 代码 话题 程序员 话题,c#
HTML 网页 代写,"HTML 网页 代写 
 html web 前端开发 html5cssvueJavaScript 开发 可接 
 静态 页面 制作 htm5 网页 设计 网页 制作 
 随时 在线 html 静态 网页 设计 制作 话题 前端开发 话题 html 话题","css,html"
闲鱼 改 代码 烂 人,"说 改 就要 改完 还 不 给钱 服 
 程序 改完 都 不 文件 生成 不 第三方 程序 报错 还要 生成 文件 不 
 关键 说 生成 文件 都 会 帮 改 
 都 说不出来 卡 钱 不 给钱 
 三十元 还 不 
 第一次 修 代码 收费 50 竟然 没用到 只 30 元 
 第二次 还 接单 傻子 第二次 钱 都 没 绝 闲鱼 代码 代写 话题 代码 话题 
 wkx _ _ give _",c#
800 接 Python 编程 66 单 PINM,"做 PINN 算法 
 300 多行 代码 里 傲游 
 交付 
 Chatgpt 搞不定 
 Python 话题 编程 话题",python
各类 编程 项目 代写,"编程 项目 代写 学生 赚取 日常 开销 
 自我介绍 在读 985CS 硕 接触 图像 CV 自然语言 NLP 生信 交叉 大 模型 方向 多年 pythoncjava 开发 经验 平台 代写 数十个 项目 均 获得好评 回头客 不少 
 项目 
 1cc 编程 
 2java 编程 
 3python 编程 
 4 各类 深度 学习 神经网络 模型 
 5 论文 复现 
 6github 复现 
 编程 话题 代写 话题 学习 日常 话题",c#
这才 导师 想要 Python 代码 好,"python 深度 学习 python 代码 定制 
 做 创新 点 创新 思路 代码 改进 跑通 深度 学习 
 Python 代跑 时间 序列 预测 分析 代码 编写 
 python 编程 深度 学习 算法 自然语言 神经网络 跑通 指导 爬虫 调试 
 项目 指导 定制 帮 做 改进 提升 创新 优化 
 Python Matlab C Opencv Nlp Pytorch TensorFlowMatlab 代码 机器 学习 预测 bp 神经网络 lstm 粒子 群等 多种 方法 手 敲 代码 远程 代编 均 算法 创新 模型 训练 模型 优化 调度 部署 
 计算机 视觉 深度 学习 机器 学习 github 代码 环境 配置 复现 远程 服务 
 本人 做 可接 急单 认真负责 保质保量 编程 话题 python 话题 python 学习 话题 python 编程 话题",python
"Python 求代 做 太 做 不 完 
 	 
 GCN 方法 替代 掉 deepwalk 
 嵌入 GCN 方法 替代 掉 deepwalk 下游 对齐 算法 随意 原本 MLP 最终 效果 原本 高 001p3010 月 10 前 
 	 
 gan 调试 模型 调通 
 预 训练 模型 调通 再 远程 帮 电脑 上 弄 好 
 	 
 创新 实验 做 一个 解释 GNN 时间 序列 预测 模型 数据 变化 时 在线 调整","Python 求代 做 太 做 不 完 
 	 
 GCN 方法 替代 掉 deepwalk 
 嵌入 GCN 方法 替代 掉 deepwalk 下游 对齐 算法 随意 原本 MLP 最终 效果 原本 高 001p3010 月 10 前 
 	 
 gan 调试 模型 调通 
 预 训练 模型 调通 再 远程 帮 电脑 上 弄 好 
 	 
 创新 实验 做 一个 解释 GNN 时间 序列 预测 模型 数据 变化 时 在线 调整",python
"Python 代码 帮跑 帮写 修改 程序调试 代码 复现 
 github 软件 
 机器 学习 深度 学习 调试 修改 
 985 计算机 硕士 毕业 擅长 Python PyTorch 
 Tensorflow OpenCV 代码 调试 优化 解决 各类 
 机器 学习 深度 学习 难题 
 GitHub 项目 支持 
 协助 运行 跑 通 GitHub 上 项目 提供数据 集 
 代 下载 
 计算机 视觉 图像处理 机器 学习 
 人工智能 辅导 代码 改进 代跑 通 预测 模型 
 模型 优化 增加 模块 文章 复现 python 代 
 做 预测 微调 融合 深度 学习 机器 学习 程 
 序","Python 代码 帮跑 帮写 修改 程序调试 代码 复现 
 github 软件 
 机器 学习 深度 学习 调试 修改 
 985 计算机 硕士 毕业 擅长 Python PyTorch 
 Tensorflow OpenCV 代码 调试 优化 解决 各类 
 机器 学习 深度 学习 难题 
 GitHub 项目 支持 
 协助 运行 跑 通 GitHub 上 项目 提供数据 集 
 代 下载 
 计算机 视觉 图像处理 机器 学习 
 人工智能 辅导 代码 改进 代跑 通 预测 模型 
 模型 优化 增加 模块 文章 复现 python 代 
 做 预测 微调 融合 深度 学习 机器 学习 程 
 序 代写 环境 调试 代码 调通 模型 优化 模型 
 修改 时间 序列 机器 学习 数据处理 开发 工 
 程 
 项目 主攻 PytorchTensorflow Yolo Unet 
 DNN CNNGAN Transformermatlab 训练 模 
 型 优化 price 代跑 增加 模块 训练 跑通 
 PyTOrch 算法 性能 提升 算法 优化 微 创新 残 
 差 网络 提升 算法 小 创新 点 预测 模型 对比 预 
 测 模型 修改 优化 网络 cnn 训练 融合 创 
 新 机器 学习 数学 建模 aipython 指导 人 
 工 智能 数据处理 调参 优化 环境 配置 代 
 码 解读 代码 分析 训练 集 测试 集对 结构 好 
 cnn 训练 数据 预处理 数据 增强 学习 率 
 调度 器 进阶 提升 CNN 性能 LSTM 模型 GRU 模 
 A 
 提供 代码 讲解 代码 修改 提供 源码 改进 方 
 案 提供 深度 学习 代码 指导 
 图 神经网络 改进 优化 创新 
 图 卷积 神经网络 GCNGATGraphSAGE 
 DeepGCNDeeperGCNGIN 
 Graph Embedding DeepwaIkNode2vec 
 LINEstruc2vecSDNIEMFNetMFProNE 
 网络 模型 代码 讲解 深度 学习 计算机 视 
 觉 CV 模态 3D 检测 人脸识别 
 mmdetection3d3D 目标 检测 方向 学习 
 模型 复现 训练 测试 可视化","machine-learning,python"
python 代码 编写 项目 做 谱 人和事,"985 本硕 互联网 大厂 工程师 
 各个领域 方向 都 
 机器 学习 深度 学习 量化 回测 财务 分析 数据分析 数据 可视化 自动化 编码 
 	 
 python 话题 python 代写 话题 python 作业 话题","python,python-3.x"
Java 代做 曝光,"起因 小红书 评论 说 帮忙 代做 沟通 沟通 更 倾向 生怕 不 找 不停 给我发 信息 小红书 讲 好 需求 价格 后 转到 微信 
 前 提出 先交 一半 定金 显示 账号 风险 只 同意 付 30 定金 同意 收款 后 确认 帮 需求 代码 报告 后 提出 先交 一部分 钱 才能 发 转账 收到 发 代码 报告 
 项目 需求 写 很 明白 很 给出 相关 代码 框架 做 项目 都 不 需求 修改 同意 后 发来 修改 后 代码 报告 转账 后 才 发 ppt 新 修改 项目 项目 需求 相差 甚多 项目 需求 明明 写得 清清楚楚 用到 技术 他发 代码 很 大部分 不 符合要求 报告 没什么 修改 ppt 不看 做 做 很 简略 不 需求 中 分点 
 检查 对方 发来 文件 后 上网 查资料 却 发现 对方 代码 报告 网上 下载 这是 欺骗 对方 承认 代码 来自 网上 不 承担责任 不 补救 推回 解决 浪费 两天 时间 第二天 就要 上交 解决 沟通 无果 只好 熬夜 赶工 忍着 气 作业 第二天 沟通 对方 依然 拒不承认 后果 损失 不愿 承担责任 不 欺骗 作出 回应 拒 不 退款 沟通 无效 
 现已 记录 收集 举报 找代 做 看清楚 狠狠 避雷 一个 骗子 
 代做 java 项目 话题 java 话题 找 代写 话题 代码 话题 程序 话题",java
Python 代码 帮跑 帮写 修改 程序调试 代码 复现,"机器 学习 深度 学习 调试 修改 
 985 计算机 硕士 毕业 擅长 Python PyTorch 
 Tensorflow OpenCV 代码 调试 优化 解决 各类 机器 学习 深度 学习 难题 
 GitHub 项目 支持 
 协助 运行 跑 通 GitHub 上 项目 提供数据 集代 下载 
 计算机 视觉 图像处理 机器 学习 
 提供 代码 编写 修改 涵盖 图像处理 计算机 视觉 算法 识别 目标 检测 语义 分割 向量 检索 文生 图 各类 机器 学习 算法 
 环境 搭建 部署 
 搭建 Python 机器 学习 开发 环境 OpenCV 部署 深度 学习 模型 部署 各类 大 模型 GPTGemini 调用 服务 部署 
 提供 代码 详细 讲解 确保 运行 代码 更能 理解 原理   代码 调试 话题     Python 话题     python 学习 话题     代写 可接 代写 话题     python 学习 话题",python
程序 接接 接 良心,"本人 在职 程序员 一枚 想 空闲 时间 搞点 副业 挣猫 粮 
 熟悉 技术 栈 代码 都 本人 写 
 JavaJavaweb SpringBoot SpringCloud SSM 
 前端 Javascript Vue 
 Java 大 作业 课程设计 毕业设计 项目 代做 部署 答疑 
 程序 定制 化 功能 扩展 调试 启动 运行 项目 解决 项目 bug 讲解 项目 代码 
 java 话题 java 项目 话题 java 大 作业 话题","c,c++"
代做 Excel 代写 Excel,"Excel 话题     Excel 技巧 话题   excel 表格 话题     excel 函数 话题     代做 excel 表格 话题     vba 代码 话题     vba 定制 话题     excel 宏 话题 
 基础 宏 开发 数据 排序 简单 计算 50 200 
 中级 宏 开发 数据分析 图表 创建 中等 复杂度 自动化 200 500 
 高级 宏 开发 数据处理 集成 外部 数据 高级 自动化 500 2000 
 宏 维护 升级 服务 现有 宏 维护 升级 故障 排除 详谈 
 	 
 吧唧 R 吧唧 R 薯薯 换个 方式 
 做 内容 发 告诉 钱能 做 
 兼职 本职工作 价格 肯定 便宜 
 白菜价 网费 挣 
 回 信息 做 都 会 回","excel,vba"
"文章 复现 代码 改进 代跑 通 
 文章 复现 代码 改进 代跑 通 预测 模型 模型 优化 增加 模块 python 代做 预测 微调 融合 机器 学习 程序 代写 环境 调试 代码 调通 模型 优化 模型 修改 时间 序列 机器 学习 数据处理 开发 工程项目 主攻 Pytorch 
 TensorflowYolo Unet DNNCNNGAN Transformermatlab 训练 模型 优化 price 代跑 增加 模块 训练 跑通 pyTOrch 算法 性能 提升 算法 优化 微 创新 残差 网络 提升 算法 小 创新 点 预测 模型 对比 预测 模型 修改 优","文章 复现 代码 改进 代跑 通 
 文章 复现 代码 改进 代跑 通 预测 模型 模型 优化 增加 模块 python 代做 预测 微调 融合 机器 学习 程序 代写 环境 调试 代码 调通 模型 优化 模型 修改 时间 序列 机器 学习 数据处理 开发 工程项目 主攻 Pytorch 
 TensorflowYolo Unet DNNCNNGAN Transformermatlab 训练 模型 优化 price 代跑 增加 模块 训练 跑通 pyTOrch 算法 性能 提升 算法 优化 微 创新 残差 网络 提升 算法 小 创新 点 预测 模型 对比 预测 模型 修改 优化 网络 cnn 训练 融合 创新 强化 学习 机器 学习 
 提供 代码 讲解 代码 修改 提供 源码 改进 方案 提供 深度 学习 代码 指导 图 神经网络 改进 优化 创新 
 mmdetection3d3D 目标 检测 方向 学习 模型 复现 训练 测试 可视化 
 pythonpytorch 计算机 深度 学习 机器 学习 强化 学习 github 代码 环境 配置 werobot 服务 搭建 逻辑 服务 简要 分析 环境 部署 模型 改进 微调 模型 模型 部署 BiLSTMCRF 模型 模型 增强 Neo4 擅长 领域 
 1 数据处理 数据分析 算法 数据结构 data structure 机器 学习 machine learning 深度 学习 deep learning 
 2 人工智能 artificial intelligence 回归 分类 预测 NLP 自然语言 文本 分析 情感 分析 模态 CV 计算机 视觉 感知机 
 softmax 反向 传播 原理 多层 神经网络 cnn 卷积 神经网络 正规化 优化 TF 分布式 训练 目标 分割 图像 视觉 目标 检测 rcnn coco 数据 集 目标 检测 模型 搭建 yolov6 维度 聚类 
 3 自然语言 图像处理 技术 
 4svmxgboost 随机 森林 集成 学习 
 5 关键词 提取 情感 分析 文本 分类 问答 系统 
 6RNNCNNLSTMBERT 网络 pytorch tensorflow 
 7python 数据处理 统计分析 数据 集等 
 8weibo 数据 获取 文本 分析 词云 
 9 代码 复现 模型 训练 
 10 文本 分类 图像识别 回归 预测 决策树 分类 
 科研 复现 话题 代码 话题 Python 话题 神经网络 话题 
 中介 绕道","machine-learning,python"
Java 语言 web,"代码 代做 项目 程序设计 技术 答疑 java 辅导 端 数据库 
 项目 代做 免费 部署 答疑 
 不 懂 随时 问 服务 好 主打 真诚 
 iava 程序设计 Javaweb 代码 编写 Java 辅导 Java 程序设计 MySOL 程序 Javaweb 项目 Javaweb 大 项目 
 jspservletJDBC 项目 
 熟悉 Springbootmybatisjdbcmysqlspringmvcssm 整合 前端 VUE 文档 报告 数据库 
 本人 承诺 代码 均 开发 手动 敲 
 项目 包 售后 热情 回复 快靠 谱 
 省赛 全栈 选手 
 前端 前端 入门 后 端 开发 JavawebJava",java
Linux 实验 代做 编程 代写,"代做 程序设计 代写 shell 脚本 编程 代写 包括 不 限于 pytion shell java c 语言 害羞 R 害羞 R 害羞 R 
 	 
 大学生 作业 辅导 Linux 基础 windows serverdockercentosRedhatLinux 虚拟机 操作题 都 解决 R R R 
 	 
 支持 远程 协作 支持 提供 截图 速度 回复 速度 上 号 速度 提交 不 拖拉 害羞 R 害羞 R 害羞 R 害羞 R 
 Linux 实验 代做 话题 编程语言 代写 话题 Java 话题 c 语言 编程 话题 python 编程 话题 学习 话题",linux
接 Rstudio 说 30r 整 emo,"r 语言 代码 代做 r 语言 数据分析 本人 统计学 专业 
 r 语言 代码 代做 
 r 语言 数据分析 本人 统计学 专业 
 时间 序列 分析 ARIMA 模型 分析 预测 数理统计 实验设计 
 数据 简单 统计 推断 数据 可视化 假设检验 区间 估计 方差齐性 检验 正态性 检验单 双 因素 方差分析 方差分析 表 回归 分析 
 一元 多元 线性 回归 拟合 预测 最小 二乘 相关系数 检验 残差 logistic 回归 机器 学习 
 随机 森林 支持 向量 机 神经网络 KNN 聚类分析 R 语言 话题 数据分析 话题 数据分析 行 话题 数据分析 R 语言 话题 R 语言 绘图 话题 R 语言 辅导 话题 数据分析 话题 数据分析 R 语言 话题 留学生 辅导 话题 R 语言 话题",r
Python 代做,代码 像是 ai 秒 生成 不 符合要求 大学生 受骗 话题 日常 话题,"flask,matplotlib,numpy,pandas,python,python-3.x,tkinter"
cjavaPython 程序代码 编写 web 话题 网页 设 话题 计 c 语言 程序设计 cjavaPython 程序代码 编写 web 网页 设计 数据结构 小 代码 实验 留学生 python 话题 实验报告 话题 java 话题 web 话题 Python 话题,cjavaPython 程序代码 编写 web 话题 网页 设 话题 计 c 语言 程序设计 cjavaPython 程序代码 编写 web 网页 设计 数据结构 小 代码 实验 留学生 python 话题 实验报告 话题 java 话题 web 话题 Python 话题,python
求 找 代写 辅导班 写 代码,"UNSW 两天 超过 20 CS 专业 学生 代码 作业 出 收到 email 学生 都 指 collusion 
 	 
 很多 学生 找到 还 冤枉 咱花 上 辅导班 学到 模版 作业 里 就算 共谋 
 	 
 姐 这次 先 PO 两个 新南 collusion 
 	 
 1 paying person perform academic task passing 代 
 	 
 2 stealing acquiring persons academic work copying 抄 别人 写 东西 辅导班 person 
 	 
 两个 rules 里 去 抓取 appeal 逻辑 随便 讲 几个 
 	 
 1 付费 学校 判断 找代 关键 
 	 
 2 抄 work 别人 思路 借鉴 算 独立 作业 姐 点 出发 去 学校 辩论 
 	 
 3copy 定义 引用 copy 看过 代码 无意识 写 算不算 copy 都 去 延伸 阐述 
 	 
 UNSW IT 真的 不好 上 代码 作业量 大 很多 学生 应付 不 找 辅导班 dai 写能 理解 辅导班 答案 思路 卖 无数 人 包括 很多 无良 代 
 	 
 真的 收到 email 速度 澳洲 辅导 ANU 悉尼大学 UNSW 都 做 不下 300 case24 小时 在线 回 
 	 
 澳洲 留学 申诉 话题 学术 不端 话题 unsw 辅导班 话题 UNSW 学术 不端 话题 UNSW 话题 澳洲 学术 不端 话题 学术 不端 听证会 话题 代码 抄袭 话题 学术 共谋 话题",c#
sql 开发 接单 中不写 sql 浑身 难受 程序员,"程序员 数据库 sql 开发 接单 中 
 sql 代写 sql 优化 模型 设计 完整 程序设计 
 提供 完整 代码 
 mysql 
 oracle 
 Postgresql 
 hive 
 数据库 
 sql 话题 数据 开发 话题 数据库 话题",sql
Python 都 写 周末 女朋友 不 在家 整点 活,"主攻 算法 基本上 都 写 涉及 金融 知识 跨行 深度 学习 机器 学习 都 小意思 周末 女朋友 出去玩 doge 整点 活冲 派对 R 
 	 
 保质保量 赞 R 
 	 
 程序员 接单 话题 代写 可接 代写 话题 python 话题 深度 学习 话题",python
帮写 python 代码,"帮写 python 代码 python 话题 
 python 代码 编写 50 块 一个 简单 便宜 写不出 钱 货到付款 100300 不 
 不用 问 不 请 留下 好 题目 一次性 说 清 
 PS 免费 提供 中英文 注释 需 中英文 不说 默认 中文 
 提供 现成 代码 兴趣 咨询 
 接口 自动化 框架 
 jira 平台 数据 合规 管理 预警","pandas,python,python-3.x,tkinter"
python 代码 编写 双 叒 叕 满分,"985 本硕 宇宙 鹅厂 程序员 
 方向 都 
 数据分析 数据 可视化 机器 学习 深度 学习 图像处理 量化 回测 爬虫 数据处理 金融 分析 
 	 
 python 话题 python 接单 话题 python 代写 话题",python
代码 改,"python 辅导 答疑 
 代码 改进 代跑 通 预测 模型 模型 优化 增加 模块 python 代做 预测 微调 融合 强化 学习 深度 学习 机器 学习 程序 代写 环境 调试 代码 调通 模型 优化 模型 修改 时间 序列 机器 学习 数据处理 开发 工程项目 主攻 Pytorch Tensorflow Yolo Unet DNNCNN GAN Transformermatlab 训练 模型 优化 price 代跑 增加 模块 训练 跑通 pyTOrch 算法 性能 提升 算法 优化 微 创新 残差 网络 提升 算法 小 创新 点 预测 模型 对比 预测 模型 修改 优化 网络 cnn 训练 融合 创新 强化 学习 机器 学习 数学 建模 ai python 指导 人工智能 数据处理 调参 优化 环境 配置 代码 解读 代码 分析 训练 集 测试 集对 结构 好 cnn 训练 数据 预处理 数据 增强 学习 率 调度 器 进阶 提升 cNN 性能 LSTM 模型 GRU 模型 计算机 视觉 深度 学习 图像处理 项目 辅导 
 代码 复现 话题 文献 复现 话题 计算机专业 话题 代码 讲解 话题 深度 学习 神经网络 话题 深度 学习 话题 程序员 话题 留学生 辅导 话题 大学生 话题 博士 话题",c#
甩 甩 甩 python,"python 代码 编写 python 代做 python 解答 
 python 作业 辅导 python 数据处理 python 代码 修改 python 解决 python 安装 python 代码 调试 python 画图 python 数据 收集 python 配置 python 答疑 python 爬虫 
 Qt 版本 安装 远程 操控 确保 程序运行 Qt 编译 Mysql 驱动 确保 Mysql windows 平台 
 Qt 咨询 知无不言 言无不尽 
 擅长 QT 项目 C 项目 fu 导 擅长 各类 C语言 管理系统","flask,matplotlib,numpy,pandas,python,python-3.x,tkinter"
java 代写,Java 调试 项目 运行 环境 配置 工具 安装 代码 讲解 代码 调试 项目 部署 javawebssmspringboot 代码 报错 解决 讲解 数据库 连接 小 程序设计 小 程序 制作,"android,java,spring"
生信 代码 代跑,"一个 搞 生信 女生 
 四杯 奶茶 钱 文件 
 首单 结束 美滋滋 R 
 生信 分析 代做 话题 深度 学习 辅导 话题 机器 学习 话题 代码 复现 话题",c#
python 代码 编写 项目 回购 朋友,"诚信 待人 信以 立身 毅以 处事 
 	 
 最 道理 做 
 	 
 长而 以往 越来越 朋友 合作 合作伙伴 更 朋友 相处 
 	 
 不 辜负 一个 真诚 认真对待 一个 
 	 
 python 话题 python 代写 话题 python 期末考试 话题",python
"大学生 python 代码 代做 价格 不合理 低 
 发 题目 需求 都 会 做 辅助 python 期末 课程设计 大 作业 实践 报告 包括 不 限于 领域 Python 数据处理 图表 制作 Pyecharts 自动化 脚本 数据 可视化 数据分析 提供 机器 学习 深度 学习 编程 辅导 涵盖 模型 建立 调优 线性 回归 逻辑 回归 决策树 支持 向量 机 SVM 随机 森林 贝叶斯 网络 XGBoostLightGBMCatBoost 聚类 时间 序列 分析 技术 KMeansDBSCAN","大学生 python 代码 代做 价格 不合理 低 
 发 题目 需求 都 会 做 辅助 python 期末 课程设计 大 作业 实践 报告 包括 不 限于 领域 Python 数据处理 图表 制作 Pyecharts 自动化 脚本 数据 可视化 数据分析 提供 机器 学习 深度 学习 编程 辅导 涵盖 模型 建立 调优 线性 回归 逻辑 回归 决策树 支持 向量 机 SVM 随机 森林 贝叶斯 网络 XGBoostLightGBMCatBoost 聚类 时间 序列 分析 技术 KMeansDBSCANbiLSTMARIMA Python 数据 实验 指导 ARIMA 向量 回归 模型 VAR 长短期 记忆 网络 LSTM 卷积 神经网络 CNN 循环 神经网络 RNN GRU 注意力 机制 决策树 随机 森林 贝叶斯 逻辑 回归 聚类 线性 回归 支持 向量 机 SVM Lighrgbm Xgboost Apriori SHAP KNNCNN LSTM BiLSTM TextCNN VAE DeepFM 注意力 机制 卷积 神经网络 变分 编码 文件 脚本 组合 模型 时序 预测 单步 预测 步 预测 单 变量 变量 pytorch TensorFlow Keras 深度 学习 机器 学习 代码 复现 bug 调试 qan Istm qrucnn qcn 网络 pytorchANN 人工 神经网络 
 CNN 卷积 神经网络 
 DECISION TREE 决策树 
 RANDOM FOREST 随机 森 林 
 LOGISTIC REGRESSION 逻辑 回归 SVM 支持 向量 机 KNNK 最 邻近 算法 PCA 主 成分 分析 
 LDA 线性 判别分析 XGBOOST 试集 结构 好 cnn 训练 数据 预处理 数据 增强 学习 率 调度 器 进阶 提升 cNN 性能 LSTM 模型 GRU 模型 模态 融合 python 话题 python 代写 话题 python 可视化 话题 数据分析 话题 python 机器 学习 报告 话题",python
统统 闪开 python 我来 不贵 会,"统统 闪开 python 我来 不贵 qt 会 
 python 代码 编写 python 代做 python 解答 python 作业 辅导 python 数据处理 python 代码 修改 python 解决 python 安装 python 代码 调试 python 画图 python 数据 收集 python 配置 python 答疑 python 爬虫 
 Qt 版本 安装 远程 操控 确保 程序运行 Qt 编译 Mysql 驱动 确保 Mysql windows 平台 
 Qt 咨询 知无不言 言无不尽 
 擅长 QT 项目 C 项目 fu 导 擅长 各类 C语言 管理系统 
 python 代写 私聊 话题 留学生 python 编程 代做 代写 话题 python 作业 求 代写 话题 python 编程 话题 python 代写 私聊 话题",python
代写 Python 作业,第二周 喽 大学生 作业 物美价廉 承接 Python 大小 作业 包括 不 限于 可视化 数据分析 增删 改查 python 学习 话题 Python 作业 话题 python 编程 话题 代写 Python 作业 话题 python 入门 话题,python
接 补齐 深网 代码,"代码 都 接 
 通用 代码 1r 
 专属 代码 05r 
 主页 信誉 图可 自证 
 完会发 删号 视频 
 恋 深空 话题 恋 深空 混沌 深网 话题 恋 深空 混沌 深网代肝 话题 混沌 深网 代码 话题",c#
代码 代写 物美价廉,"Java HTMLCSSSQL 小 程序 springboot 项目 SSM 项目 代码 编写 
 	 
 代码 代写 物美价廉 研究生 不 骗人 主打 一个 
 	 
 不用 问 不 请 留下 好 题目 一次性 说 
 	 
 本人 认真负责 帮 想要 做好 后会 核对 修改 价格 代码 难度 来定代 做 话题 全程 保密 话题 大学生 诚信 话题 html 静态 网页 设计 制作 话题 Java 话题 SQL 话题 springboot 实战 话题",c#
"Python 代码 帮跑 帮写 修改 程序调试 代码 复现 
 github 软件 
 机器 学习 深度 学习 调试 修改 
 985 计算机 硕士 毕业 擅长 Python PyTorch 
 Tensorflow OpenCV 代码 调试 优化 解决 
 天 
 机器 学习 深度 学习 难题 
 GitHub 项目 支持 
 协助 运行 跑 通 GitHub 上 项目 提供数据 
 集复 
 代 下载 
 计算机 视觉 图像处理 机器 学习 
 人工智能 辅导 代码 改进 代跑 通 预测 模型 
 模型 优化 增加 模块 文章 复现 python 代 
 做 预测 微调 融合 深度 学习 机器 学习","Python 代码 帮跑 帮写 修改 程序调试 代码 复现 
 github 软件 
 机器 学习 深度 学习 调试 修改 
 985 计算机 硕士 毕业 擅长 Python PyTorch 
 Tensorflow OpenCV 代码 调试 优化 解决 
 天 
 机器 学习 深度 学习 难题 
 GitHub 项目 支持 
 协助 运行 跑 通 GitHub 上 项目 提供数据 
 集复 
 代 下载 
 计算机 视觉 图像处理 机器 学习 
 人工智能 辅导 代码 改进 代跑 通 预测 模型 
 模型 优化 增加 模块 文章 复现 python 代 
 做 预测 微调 融合 深度 学习 机器 学习 程 
 序 代写 环境 调试 代码 调通 模型 优化 模型 
 修改 时间 序列 机器 学习 数据处理 开发 工 
 程 
 项目 主攻 PytorchTensorflow Yolo Unet 
 DNN CNNGAN Transformermatlab 训练 模 
 型 优化 price 代跑 增加 模快 训练 跑通 
 PyTOrch 算法 性能 提升 算法 优化 微 创新 残 
 差 网络 提升 算法 小 创新 点 顽测 模型 对比 预 
 测 模型 修改 优化 网络 cnn 训练 融合 创 
 新 机器 学习 数学 建模 aipython 指导 人 
 工 智能 数据处理 调参 
 优化 环境 配置 代 
 码 解读 代码 分析 训练 集 测试 集对 结构 好 
 cnn 训练 数据 预处理 数据 增强 学习 率 
 调度 器 进阶 提升 CNN 性能 LSTM 模型 GRU 模 
 A 
 提供 代码 讲解 代码 修改 提供 源码 改进 方 
 案 提供 深度 学习 代码 指导 
 图 神经网络 改进 优化 创新 
 图 卷积 神经网络 GCNGATGraphSAGE 
 DeepGCNDeeperGCNGIN 
 Graph Embedding DeepwalkNode2vec 
 LINEstruc2vecSDNIIEMFNetMFProNE 
 网络 模型 代码 讲解 深度 学习 计算机 视 
 觉 CV 模态 3D 检测 人脸识别 
 mmdetection3d3D 目标 检测 方向 学习 
 模型 复现 训练 测试 可视化","machine-learning,python"
代码 代写,"网页 设计 web 前端 htmlcssjs 网页 设计 
 web 前端开发 javascript 特效 css 编写 jQuery 开发 小 程序 制作 
 htmlcssjs 网页 制作 html 网页 设计 html 代码 编写 
 网页 设计 静态 网页 设计 动态 网页 
 	 
 成品 模版 答疑 解惑 
 	 
 懂 技术 栈 html CSSJavaScriptvueajax 
 程序设计 代码 编写 
 Web 网页 设计 
 	 
 简单 网页 10 起步 最快 半小时 内 全天 在线 咨询 
 	 
 平台 交易 放心 接单 
 旅游 话题 网页 设计 代做 话题 网页 制作 话题 快乐 无限 供应 话题 片刻 话题 电脑知识 话题 软件设计 开发 话题 电脑 话题 boss 直聘 话题 求职 季 话题",c#
代码 接 代写,"图二 
 大学生 话题 
 python 话题 
 作业 话题",c#
Python 代做 不 给钱 开会 辅导 救命,客户 手上 代码 做 生成 对抗 网络 跑 效果 不行 预算 300 聊 半天 这单 都 不下 说 开会 讲 代码 占用 时间 下单 删 不 纯白 漂嘛,python
python 代 编程 卷到 吐血 节奏,天呐 搭建 模型 价格 勇气 报价 低 真 勇气 还价 价格 还成 点个 赞 python 话题 编程 话题 python 深度 学习 话题 爬虫 话题,python
代写 代码,"1211 计算机 在读 蓝桥 杯 江苏省 一可 代写 cjava 擅长 pythonhtmlcssmysql 
 2 写 小型 代码 老师 课设 作业 太 大 技术 过多 写 不来 
 3 认真负责 修改 满意 
 4 价格 30200 私聊 我视 难度 而定 
 先交 一部分 定金 满意 结款 学习 话题 代写 话题 计算机 话题 编程 话题 c 话题 java 话题 python 话题",c#
代码 代写 可包 实验报告,C C C matlab 代码 代写 实验 作业 课设 都 Csharp 话题 C 话题 C 话题 matlab 话题 代写 话题 实验报告 话题 大学生 话题 便宜 话题,c#
python 代码 编写 高效 谱 985 硕大 厂 程序,"985 本硕 互联网 大厂 程序员 
 python 各个领域 方向 皆 
 数据分析 机器 学习 深度 学习 量化 回测 数据处理 网络 爬虫 
 咨询 
 	 
 python 话题 python 代写 话题 留学生 python 话题",python
python 报价 很 想 做 价,价格 真的 没 办法 接受 太 低 python 话题 python 编程 话题 python 机器 学习 话题 python 爬虫 话题 python 辅导 话题 python 培训 话题 python 代做 话题 python 网络 爬虫 话题 python 办公自动化 话题 python 编程 话题,python
Qt 代码 代写,"项目 经验 
 价格 实惠 保质保量 绝不 跑 路 
 业务 
 ① Qt 项目 CPythonqml 代写 
 ② Qt 项目 运行 环境 搭建 
 ③ Qt 代码 讲解 
 ④ Qt 报告 书写 
 	 
 丝 
 	 
 代码 讲解 话题   Qt 话题     qt 话题",c++
python 项目 代码 编写 信任 不 分 国界,"本人 985 本硕 宇宙 鹅厂 程序员 
 	 
 找 咨询 各个领域 方向 皆 包括 不 限于 算法 机器 学习 数据分析 可视化 ui 界面 
 	 
 准则 都 诚实 诚实 待人 积极向上 这是 都 
 	 
 python 话题 python 作业 话题 python 代写 话题",python
C 代码 代敲,"大学生 闲着没事 赚点 外快 50 重复 修改 
 c 话题 改 代码 话题 编程 话题 代码 改进 话题",c#
Python 代码 帮跑 帮写 修改 程序调试 代码 复现,"Python 代码 帮跑 帮写 修改 程序调试 代码 复现 
 github 软件 
 机器 学习 深度 学习 调试 修改 
 擅长 Python PyTorchTensorflow OpenCV 代码 调试 优化 解决 
 类 机器 学习 深度 学习 难题 人工智能 辅导 代码 改进 代跑 通 预测 模型 模型 优化 增加 模块 文章 复现 python 代做 预测 微调 融合 深度 学习 机器 学习 程序 代写 环境 调试 代码 调通 模型 优化 模型 修改 时间 序列 机器 学习 数据处理 开发 工程 Python 话题 深度 学习 神经网络 话题 python 自学 话题 代码 复现 话题 matlab 代码 话题",python
计算机 代码,"接 计算机专业 作业 
 代码 代写 辅导 调试 
 CCJAVAPYTHON 
 计算机科学 技术 话题 软件工程 话题 留学 话题 作业 话题 代码 话题 c 话题 java 话题 python 话题 算法 话题",c#
python 代做,"研究生 python 代码 代做 价格便宜 
 发 需求 都 会 做 
 请 直入 主题 直入 主题 直入 主题 
 请 尽可能 描述 需求 提供 样例 文档 图片 
 python 代码 编写 python 代做 python 解答 
 python 数据处理 
 python 代码 修改 python 解决 
 python 安装 python 代码 调试 
 python 画图 python 数据 收集 
 python 配置 python 答疑 
 python 爬虫 
 	 
 详细 需求 交付 时间 
 会 需求 时间 估价 
 带上 需求 预算","flask,matplotlib,numpy,pandas,python,python-3.x,tkinter"
dai python 量化 代码,python 量化 代码 代写 量化 分析 策略 构建 回测 建模 可视化 技术指标 参数 优化 回测 提出 需求 代码 量化 毕竟 量化 领域 代码 武器 量化 话题 量化 交易 话题 数据分析 话题 python 话题 金融 分析 话题 SIC 话题 sic 话题 金融 经济 话题 NEC 话题 投资 话题,python
python 代 编程 matlab 定制 程序 代写 php 代码 编,走 平台 tb 都 保障 不马扁 编程 话题 电脑知识 话题 专业 团队 引领 话题,"php,python"
Java 接单,"全栈 程序员 
 接单 好多年 这是 一家 原创 IP 工作室 感谢 支持 
 	 
 想要 拓展 副业 额 额外 收入 锻炼 能力 更多人 
 	 
 技术 Java 开发 前端开发 网页 开发 项目 定做 bug 修改 
 	 
 开发 非外 包 保证 一行 代码 都 写 
 	 
 备注 来意 说 需求 用到 技术 时间 计算机专业 话题 程序员 话题 编程 话题 java 程序员 话题","android,java,spring"
python 报价 低,"大学生 python 代码 代做 价格便宜 发 题目 需求 都 会 做 辅助 python 报告 期末 大作 包括 不 限于 领域 Python 数据处理 图表 制作 Pyecharts 自动化 脚本 数据 可视化 数据分析 提供 机器 学习 深度 学习 编程 辅导 涵盖 模型 建立 调优 线性 回归 逻辑 回归 决策树 支持 向量 机 SVM 随机 森林 贝叶斯 网络 XGBoostLightGBMCatBoost 聚类 时间 序列 分析 技术 KMeansDBSCANbiLSTMARIMA Python 数据 实验 指导 ARIMA 向量 回归 模型 VAR 长短期 记忆 网络 LSTM 卷积 神经网络 CNN 循环 神经网络 RNN GRU 注意力 机制 决策树 随机 森林 贝叶斯 逻辑 回归 聚类 线性 回归 支持 向量 机 SVM Lighrgbm Xgboost Apriori SHAP KNNCNN LSTM BiLSTM TextCNN VAE DeepFM 注意力 机制 卷积 神经网络 变分 编码 文件 脚本 组合 模型 时序 预测 单步 预测 步 预测 单 变量 变量 pytorch TensorFlow Keras 深度 学习 机器 学习 代码 复现 bug 调试 qan Istm qrucnn qcn 网络 pytorchANN 人工 神经网络 
 CNN 卷积 神经网络 
 DECISION TREE 决策树 
 RANDOM FOREST 随机 森 林 
 LOGISTIC REGRESSION 逻辑 回归 SVM 支持 向量 机 KNNK 最 邻近 算法 PCA 主 成分 分析 
 LDA 线性 判别分析 XGBOOST 试集 结构 好 cnn 训练 数据 预处理 数据 增强 学习 率 调度 器 进阶 提升 cNN 性能 LSTM 模型 GRU 模型 模态 融合 
 做 可接 急单 python 话题 python 编程 话题 python 爬虫 话题 python 爬虫 话题 python 机器 学习 话题 python 办公自动化 话题 python 辅导 话题 python 培训 话题 python 代做 话题 python 入门 学习 话题",python
留学生 辅导 接 作业 委托 python 代码,"留学生 辅导 接代 z 作业 委托 python 代码 编写 数据分析 微积分 数电 模电 
 本人 保研 至华五 电子信息 硕士 经验丰富 
 价格 可谈 
 西浦 课程 代做 留学生 辅导 
 留学生 辅导 话题 西交 利物浦 话题 留学 话题 代码 话题",python
python 辅导 反馈 midterm 满分,前 阵子 帮 一个 留子 辅导 python midterm 出分 满分 特地 跑过来 告诉 好消息 长期 接 rpythonjava 各类 assignhwexam 留学生 python 辅导 话题 python 代做 话题 midterm 辅导 话题 python 代写 话题 python 编程 话题,python
R 在线 studio,r 代码 指导 r 语言 代码 代 数据 简单 统计 推断 数据 可视化 假设检验 区间 估计 方差齐性 检验 正态性 检验单 双 因素 方差分析 方差分析 表 回归 分析 一元 多元 线性 回归 拟合 预测 最小 二乘 相关系数 检验 残差 logistic 回归 机器 学习 随机 森林 支持 向量 机 神经网络 KNN 聚类分析 R 语言 数据分析 数据分析 行 数据分析 R 语言 R 语言 绘图 R 语言 辅导 数据分析 数据分析 R 语言 留学生 作业 R 语言 流量 日常 接单 日常,“android-studio，r”
"浙大 博士 接 文章 复现 创新 点 质量保证 博士 在读 代码 改进 跑通 深度 学习 
 SCI 代码 复现 文章 复现 文章 代写 
 包括 深度 学习 指导 计算机 视觉 辅导 指导 目标 检测 图像 分割 语义 分割 算法 性能 提升 算法 优化 模型 修改 留学 人脸识别 文字 识别 口罩 检测 人脸 检测 车牌 识别 GANyolo 工业 检测 异常 检测 去 噪 去模糊 异常 检测 运动 检测 VIT 点 匹配 python 指导 数据处理 医学影像 分割 地理信息 分割 虹 遥感 数据 分割 调参 优化 环境 配置 代码 解读 代码 分析 学业 规划 研究生 模型 微调 算法 分析 
 数据","浙大 博士 接 文章 复现 创新 点 质量保证 博士 在读 代码 改进 跑通 深度 学习 
 SCI 代码 复现 文章 复现 文章 代写 
 包括 深度 学习 指导 计算机 视觉 辅导 指导 目标 检测 图像 分割 语义 分割 算法 性能 提升 算法 优化 模型 修改 留学 人脸识别 文字 识别 口罩 检测 人脸 检测 车牌 识别 GANyolo 工业 检测 异常 检测 去 噪 去模糊 异常 检测 运动 检测 VIT 点 匹配 python 指导 数据处理 医学影像 分割 地理信息 分割 虹 遥感 数据 分割 调参 优化 环境 配置 代码 解读 代码 分析 学业 规划 研究生 模型 微调 算法 分析 
 数据处理 数据分析 算法 数据结构 data structure 机器 学习 machine learning 深度 学习 deep learning 创新 改进 算法 提升 
 深度 学习 代码 调试 代码 复现 python 环境 配置 pytorch 程序 改进 代码 调优 提升 准确率 
 项目 指导 定制 代做 改进 提升 创新 优化 Python Matlab C Opencv Nlp Pytorch 
 TensorFlowMatlab 代码 机器 学习 预测 bp 神经网络 lstm 粒子 群等 多种 方法 手 敲 代码 远程 代编 均 算法 创新 模型 训练 模型 优化 调度 部署 计算机 视觉 深度 学习 机器 学习 github 代码 环境 配置 复现 远程 服务 
 pytorch tensorflowpaddle 
 接 深度 机器 学习 项目 都 接 
 数据 可视化 Matplotlib Pyecharts Seaborn 
 深度 学习 CNN LSTM BiLSTM TextCNN VAEDeepFM 注意力 机制 卷积 神经网络 分自 编码 提供 创新 点 
 白菜价 勿扰 只 做 高质量 代码 复现 话题 计算机 视觉 话题 深度 学习 话题 科研 学习 话题 提供 思路 创新 点 话题 深度 学习 神经网络 话题 文献 阅读 话题",python
