title,desc
100个赞就从微软离职！你敢赞，我敢走！,"国庆之后第一天上班好无聊，想辞职了，集齐100个赞就离职！！！
	
毕业之后来微软当码农👨‍💻也有四年了，95后P7+
，做AI软件相关开发，头两年对一切都很新奇，现在只觉得每天是在搬砖，每一天都好无聊啊🥱，要不来100个赞，俺直接跑路！"
今天是程序员节🧑‍💻,穿上我心爱的格子衫
左滑还原程序员的刻板印象,"上班是潦草李工
下班是哇噻小哥"
♥两个程序员的日常♥,"嗯…
秃头是会传染的吧…
🥰
@小小黄"
公司从大厂挖来的程序员，听说月薪45K，连老板都忌惮三分，今天一不小心看到他的操作，这谁顶得住?,公司从大厂挖来的程序员，听说月薪45K，连老板都忌惮三分，今天一不小心看到他的操作，这谁顶得住?
程序员和设计师的区别,别的不说，女装这块，属实拿捏。曾经在github上有个开源项目，Dress，好家伙，全是女装大佬的照片，绝对刷新对程序员的刻板印象！[doge]
满足你对黑客的一切幻想！,﻿
萝卜快跑工程师长什么样,p2我的周一精神状态
不想当程序员了，想去当模特可以吗,"但其实吃饭的专业和热爱的行业都不想放弃
所以加倍努力吧!
ps:多睡觉多睡觉小宝们，不然真的会长黑眼圈TvT"
程序员笑话,看着看着就笑不出来了[哭惹R]
左滑一下少一件,
兜兜转转又穿回程序员格子衫,
北京时间8月19日下午两点被确诊,"领导在群里这么说 然而身为三无二本的我还在群里
大龄女程序媛没有春天"
当程序员减重30斤并学会打扮后,每个人都是潜力股
只有程序员才懂的梗,"我最开始写这段代码的时候，只有我和上帝知道这段代码是什么意思。
过了一周之后，只有上帝知道了。"
幸好当年没转码,"幸好当年没转码，横空冲出来一个ChatGPT，刚开始还说代替不了人类，最近越来越猖狂。
很多大厂都开始节流，其中一个重点环节就是降低招收NG，入门级码农基本没有存在的必要了...
表妹三年前入读NYU，借鉴了我这个“艺术生”的生活状态，硬着头皮读了自己不喜欢的CS，就是为了图毕业好找工作。结果读一半出个ChatGPT，现在看着学长学姐一个个找不到工作或被裁，她开始提前进入“中年危机”了。
	
老有人问我为什么学电影这么不practical的专业。
现在看来，虽然也挺坑，但至少读了自己喜欢的东西，不枉青春一场。
世界变得太快，谁真能掌握明天的成功密码？自己先爽了算吧。
处处算进到头落空，不是比摆烂等船直更让人心塞么？
	
现在拿CPT顺手读读MS IT，虽然也不能变成coder或真的IT人，至多是算加个加个技能buff。
但恰恰是因为不指望靠它就业，反倒学起来没那么心烦。"
程序员的刻板印象/最近喜欢的饰品APM,"萌新程序员在线聊天[doge]
顺便分享下最近喜欢的饰品APM Monaco。最近偏爱酷酷的街头风和不被定义的中性感，手工编织的红绳不羁又自由，坚硬的锆石缜密又理性。日常穿搭之余配上颈绳，为日常生活添加一丝艺术气息"
感觉程序员这个行业跟做🐔一模一样,"高薪青春饭，35岁落得一身病
要么自己干不下去灰头土脸滚蛋
要么混到上边管理层继续当老鸨
没时间搞社交，一点实权都没有，社会地位约等于0，亲戚朋友除了借钱也不会高看你一眼
所以花这么多年拿了个学历，不如少走十年弯路，直接出来卖"
程序员：代码能跑就不要动,
程序员秒懂的地狱笑话,
程序员日常 | 程序员为什么不能一次性写,"真是一行写功能，十行防“刁民”呀
﻿"
原本要给我们组的一个34岁的大龄程序员降薪,"原本要给我们组的一个34岁的大龄程序员降薪50%,结果听说他刚离婚，被老婆绿了，两个孩子也不是他的。
看到他突然变得毫无软肋，想着还要再压榨他一年，不能一下给他干垮了。然后就把矛头转向了另一个31岁刚结婚准备要小孩的员工。"
看程序员梗图真的会笑亖在电脑前！,万能的评论区，球球多来点程序员梗图吧，简直承包我一整年的笑料[笑哭R][笑哭R][笑哭R]
一千人赞过的程序员上下班对比竟然被删了,"昨天心血来潮在一个左滑帮我下班的帖子里评论了我上下班的对比照，意外被赞爆了哈哈哈哈但是竟然被🍠删掉了🥲🥲🥲咱这正常常照片无不良引导别删我呀🥲🥲🥲
	
好多人在评论下回复说不像是一个人，前后差二十斤，方圆脸变尖脸之类的。咱就是说这就是水肿+高度近视戴眼镜+小方脸的素颜日常呀…
	
大学时候有个男生朋友认识我一年多还没记住我的脸，每次见我都问我为啥你长得不一样，其实我可能只是画了个妆…从那儿之后咱就是以日抛脸出名了…
	
包括上班以后也是，平时在公司都带眼镜，有一天早起健身去公司也戴着隐形，然后我坐在沙发上上班，被隔壁组一个男同事拉着我们组小姐姐问，你是谁？那个组的new hire？坐在这附近吗？我是xxx，我们组小姐姐看着我沉默了二十秒，默默的说，这好像是Iris… 然后这个离谱事情就这么传开了…
	
谁懂咱们水肿肉脸的心酸日常🥹"
一小时赚1600，转码依然是出路,"在互联网行业面临各种质疑的今天，许多人对转型编程持怀疑态度，甚至有人将其戏称为“49年转国军”🤔。尽管如此，依然有很多小伙伴怀着期待在观望👀。那作为一名拥有多年编程开发经验以及副业经历的程序员，我想结合最近的一些感悟，和大家聊一下，另类的转码理由。
	
前几天，在某鱼平台上我接了两个小项目：一个是APP开发修改（图2），收入1000元💰；另一个是技术咨询（图3），收入600元💰。两个项目都是简单的小项目，加起来不到一小时就完成了，但在转码这个话题下，却让我感触挺深的。
	
[一R]作为副业老油条的我，某鱼早已不是我的主要副业渠道，几乎不再投入时间和精力，但每天仍有大量客户主动联系我。没有积极的宣传和营销，客户依旧络绎不绝。这恰恰说明了整个行业的需求仍然旺盛，即使经济总体走低，互联网行业的衰退速度也相对较慢，依然是良好的职业选择。
	
[二R]这两个项目，客户分别来自北京和美国，而作为乙方的我是在杭州进行远程开发和沟通的。这种不拘泥于任何地点任何形式，可以随时随地进行副业工作，客户也不仅仅限于本地，可能囊括国内，甚至海外，凸显了互联网行业的独特优势：远程工作模式。
	
[三R]在某鱼上发布的副业信息，无任何成本，只需要发布自己擅长的技能就好。副业的成本极低，几乎不需要任何投资，这在其他行业中是无法想象的。
	
所以，如果从副业的角度来看，程序员无疑是其中的佼佼者，这也是我为大家提供的一个另类转码理由：从副业开始，兼职转码。大家犹豫不决的原因有很多，但我想大部分人都是因为担心失去现有工作的同时，又无法适应新职业。所以我们不妨兼职转码，先从副业开始，积累经验，等待合适的时机，再考虑全职转码。另外编程本身就是可以在互联网上学习的技术，只要我们在自己工作之余，下班以后去坚持学习，自学成才绝非难事📚。
	
这两年确实很难，但互联网行业依然是最具吸引力的前三大行业之一，无论是薪资待遇还是岗位需求。对于那些想要拓宽视野的人来说，转型编程是一条理想的道路。对于那些不喜欢复杂人际关系的人来说，程序员的生活相对简单，通常是“三点一线”的生活方式🏠。
	
另外，唱衰互联网的声音，主要来自两种人：一是行业内的人，担心新人的加入导致竞争加剧；二是渴望加入却无法找到途径的人。你属于哪一种呢？或者两者都不是？
所以，热爱就去追求吧！不要留有遗憾。人生短暂，为何不选择做一些酷炫的事情，比如编码"
你还是不懂白皮码农的杀伤力,游泳健身，程序员的去“油”剂
笑不活了，这下给汤婆婆干异常了,这是什么吊程序员笑话？！
不想打击计算机专业的女生，但是我想说....,"目前在某大厂工作，入行7年的计算机老人，做java开发工程师，早九晚六
	
同样作为女生，我想对计算机转业的女生说的一些话
这篇就是我的建议，大家可以听一听
	
👉具体的放在上文了"
学计算机拼的不是谁更努力...,"学计算机真的不是拼的谁更努力，而是谁能更分清楚主次，太老实真的会很累...
.
一、过来人建议：
1.如果学校一般，家庭条件也一般，参加学校社团活动一定要适可而止。一方面做技术时用不到相关经历，公司也不会在意这些，另一方面，家境一般意味着以后大概率吃技术饭，社团活动相关技能在工作后用不到。
2.重要的几门专业基础课一定好好学，如数据结构、组成原理、操作系统、数据库原理等。
3.学好外语，尤其是英语。很多官方文档都是英文的，很多bug也是英文。
4.至少把C/C++/Java学好一门，其他的语言等要用了再学，不是事。语言不是越新越好。
5.数据库至少掌握一个，能写好sql语句至少能解决温饱。
6.如果打算是毕业后直接找工作，尽量在大三时去实习，或者尽量多去参加招聘会，这样能直接感受到找工作需要哪些技能。不过还是这句话，如果可以尽量考研。
7.学会写技术笔记，愿意的话花个0.5-2个小时学一下markdown。有几百元钱的话，买个阿里云之类的云服务器，在上面折腾，至少把Linux玩一下。
8.别沉迷于游戏，那玩意就是数据库里的值。消遣一下可以，沉迷是傻子。
.
二、宝藏网站
✔️HitHub：最大的程序员托管代码平台，很多开发者都会在上面寻找开源项目学习
✔️Leetcode：里面收集了很多常见的程序员面试编程题目，是许多IT求职人刷题爱逛的网站
✔️CodinGame：可以以玩游戏的方式通过在线编程完成相应的挑战非常解压
✔️Coursera：是大型学习课程网站，里面很多课程都适合自学部分课程有中文字幕可看
✔️Topcoder：是数据挖掘和机器学习的在线竞技网站，可以尝试去挑战一下自己
.
三、计算机语言老师
✔️Java：韩顺平老师
✔️Python：北大陈斌老师
✔️C++： 侯捷老师
✔️C语言：翁凯老师
.
四、好用的书籍
✔️C++：《C++ Primer》中文版
✔️C语言：《C Primer Plus》中文版
✔️Python：《Python编程，从入门到实践》
✔️Java：《Head First Java》
.
五、编程语言&工具
✔️Java编程工具：下载IntelliJ IDEA工具进行编程
✔️C++编程工具：Xcode（Mac）、Visual Studio Code
✔️Python编程工具：Pycharm
·"
哈哈哈哈哈哈哈哈哈哈是我了,[笑哭R]今天室友给我发了几个搞笑图，不得不说，程序员梗图对于一个计算机小白，实在是太🈶乐了[笑哭R]
这家饭店的老板是程序员吗,"懂得用空间换时间
降低了顾客CPU计算的复杂度"
谁懂，这些程序员梗图看着看着就哭了……,"可以说是经典咏流传了……[猪头R]
哪张程序员梗图狠狠创到你了？[暗中观察R]"
你写过最蠢的代码是？记得每天开心一下！,"生活太不容易啦！如果生活的压力让你不开心的话！希望我能让你开心一下！
	
记得点赞关注哦！你们的支持就是我的最大动力！
	
你写过的最蠢的代码是？"
外行人眼中的程序员，其实我是这样的程序员,"外行人以为我是这样的程序员，代码码的超级快
其实我是……"
地铁看到一个小学生用c++刷leetcode,卷，太卷
这是一位热爱编程的程序员吧,朋友圈看到的，这也太热爱编程了吧[赞R]
为什么程序员不拿自己写的程序去卖而要上班,"在中国 能一个人完成 前端开发，后端开发，数据分析，dba，运维，测试，产品，售前的我月薪8k。
一个接口都写10天的我，月薪25k
写几个微小服务，写不了大服务的我月薪30k
只能写写sql的sqlboy 39k
只会flink 这单一技术 45k
你还需要啥我都学，以及再选学销售 然后去卖自己的软件？获得一个不确定性收益？
不不不。
每个月固定几万块到手，社保公积金有人缴纳，想要干掉我，得赔钱，否则我就去跳楼威胁。
别跟我谈什么雄途大志，我就要这低风险三瓜两枣。
这点钱虽然听起来少，这10多年来已经买了4套房了。
在你看来死工资意味着低暴击攻击力低，low逼。
在我看来死工资意味着高白值万精油不依赖配队不依赖辅助不挑怪物类型，牛逼。"
她来了，她来改bug了,
程序员出国前和出国后，半年就祛魅了,"钱多，税也多
最重要的是生命安全，他们毒品也是不禁的，随便碰上一样这辈子就完了吧。"
每天晨读代码为什么会被同门嘲笑,有时候真觉得跟他们格格不入，晨读代码有什么错！😋
大专女生和985程序员，终于还是走到这一天,"跟男朋友在一起已经快一年半了，因为大专和本硕985的学历差距太大，地域距离太远，且男方年下读研还没毕业的种种原因，经历了身边亲戚朋友的一致打击不看好，现在终于熬到男朋友毕业秋招，马上就要见家长啦。
我们俩时常感叹能够遇见彼此有多幸运，真的特别庆幸+无比感谢当初媒人的介绍。最近男朋友也顺利收到了BAT大厂寄回的三方，买了去我家的机票，准备年前来我家拜访，他准备的礼品也都提前寄给了我。
在这段感情里我更成熟，也更理性，也正是因为所谓的“理性”在这一年半的时间里内心无比纠结过，也做过蠢事伤害了对方，前期因为我太工作狂导致没有任何精力可以分给男朋友，每天晚上就开视频他默默的看着我加班工作，也没空跟他聊天。他有表示过觉得我太冷漠也不粘人，但也一直陪伴我度过了职业低谷。
年前他来我家，年后我去他家，幸好所有的等待都是值得的，幸好我们坚持到了现在！现在就经常开玩笑让他给我这凄风苦雨的老女朋友养老[暗中观察R]期待男朋友入职大厂以后的生活！"
🇯🇵男朋友 算是程序员里的帅哥吗？,"抱歉标题党了哈哈，（有点自恋地说）我觉得算哈哈，而且我觉得三谷是我眼中最可爱的程序员[大笑R]
所以他每次在家工作的时候都忍不住拍下来。他真的好阔爱！
	
而且这个时候拍他比平常让他正经拍照更好看，难怪大家都说“工作中的男人最帅”。[萌萌哒R]"
半框眼镜是码农的____,💤💤💤
中日美码农的几种GitHub头像,"就是大概这么个感觉，完全没有根据，纯属虚构[扯脸H]
(注释)
SI: System Integration 系统集成
SE: System Engineer 系统工程师"
只有程序猿一眼懂的梗图，😂笑出猪叫声❗,"程序员的口号：
[点赞R]这代码刚刚稳如狗，现在莫名其妙嗨起来了?
[点赞R]“写代码就像和电脑玩‘你画我猜’，
我画的是‘Hello World’，
它给我整出个‘Hello Universe’，
这跨界跨得也太远了吧？
[举手R]记忆力简直是个谜，昨天才写的代码，今天就问，这是啥玩意，我啥时候写了……"
男朋友凌晨一点突然…,"男朋友凌晨一点突然：我想到代码bug在哪了
日常九点多下班后继续在家干活，干到晚上快十二点才睡觉，然后凌晨一点垂死病中惊坐起：我想到bug在哪了！立马爬起来改代码[黑薯问号R][黑薯问号R][黑薯问号R]
🤦程序员压力还是蛮大的"
我的程序员男友,"哈哈哈哈哈哈哈哈哈哈哈哈哈哈哈哈哈哈哈哈哈哈哈哈哈笑死我了哈哈哈哈哈哈哈我笑死了哈哈哈哈哈哈哈哈哈哈哈哈哈哈哈哈哈哈哈哈哈哈哈哈哈哈哈哈哈哈
加了个后续：今天上班睡觉但写了六千行代码"
1024程序员节快乐咯,
清华硕士，程序员，被裁了！,"最近部门裁员很厉害，坐我前面的top2硕士被裁了，他是和我们经常合作研发。
被裁的也有31岁的产品经理，在深圳买了房。
还有个几乎每天加班到晚上12点，在同事口碑很好的研发也被毕业了，有点意想不到。
都给了n+1+1，有一个月缓冲时间，可以活水或离职。
侥幸躲过裁员，上班却上得有点茫然恍惚，对自己的未来有点不知所措了"
程序员为什么不能一次性写好,嘿哟，兄弟！你想想看，做设计那可真是一行写功能，十行防“刁民”呀，这难度简直跟登天似的，咱做设计的可太有体会了，这技能那叫一个艰难实属不易。来来来，快瞧瞧你这台老古董电脑，是不是该让它下岗啦？你看这码字都磕磕绊绊的，怪不得程序也总是写不好呢。听我的，赶紧去转转二手平台逛逛去。你不是心心念念那联想拯救者 Y7000P2024 好久了嘛，在转转上只需8.2K多就能拿下哟！跟新品比，能省下1.2K大洋呢。而且呀，最关键的是还有一年质保期，这可太让人放心啦。你要是有了它，那生活品质不得蹭蹭往上涨好几个度哇！用户体验会直线飙升。省下来的钱还能买个超酷的耳机，上班的时候你就可以安心码字工作，空闲了呢，又能尽情玩游戏，这生活，美翻了都。程序写起来那叫一个又快又顺心，再也不用担心延误工期啦，肯定能完美交差。这样晚上不加班的时候，我就能约你一起开黑，简直不要太爽……
真不是打击计算机的小朋友，但是我真想说…,"作为有着五年多从业经验的老码农，如今转行成为量化分析师的我，来分享一下那些年走过的路，希望能为大家遮风挡雨！以下内容没有废话，赶紧收藏，期望能为你的学业发展奠定基础！实习至关重要！一个大厂实习能够在很大程度上弥补学历的不足，大二大三的时候就可以着手寻找了。
📌积极刷题，刷 LeetCode！无论是去大厂还是外企，算法必考。面试的时候，如果算法题没做出来，大概率就没戏了。
📌计算机基础涵盖操作系统、计算机网络、数据库。虽然计算机组成原理也很重要，但面试基本不考，把重点放在上述三门课上。
📒比赛
📌例如：ACM、蓝桥杯、阿里天池、数学建模。其中最重要的当属 ACM，想进大厂的同学大一就要开始准备 ACM 竞赛！
📒英语
📌大部分官方文档都是英文的，很多 BUG 的解决方法也是英文的。英语虽不是主攻方向，但辅助作用非常强大。
📒Github
📌如果你会使用 Github，那你就领先很多了！上面有海量的代码。国内访问 Github 不稳定，可以用国内平台 Gitee 作为替代。
📒八股文
📌面试的基础知识就是八股文。牛客上的面经也很重要，基本都是超高频考点。
📒考证书
📌学会考证提升自己。基础薄弱的可以先拿下中级系统集成项目管理工程师，跟着黑舟快马班学习课程，结合大量练习拿证更稳。我自己在转行前考了 CQF，补充了很多金融和数学知识，为我原本的工作履历开辟了新的局面。
📌Python
📌接私活的必备技能。在短时间内就能看到效果，还可以快速开发小游戏、做爬虫分析。CQF 的实操部分需要掌握 Python，对于码农来说你们是天生的量化人才。
📌C 语言
📌语言是编程之本，是学习编程语言的第一课！建议通过视频、看书、刷题或做项目的方式来学习。书籍推荐《C 语言程序设计现代方法》或者《C Primer plus 第 6 版》。
📌学会逛 Github、StackoverFlow 等技术论坛。抽出一上午的时间学习 markdown 语法，这是程序员写文档的必备技能，比 word 好用太多了。
📌尝试使用 Linux
📌可以在自己的电脑上安装双系统，想省事的话，直接在阿里云上买个学生服务器。平时我们接触最多的是 windows，但程序员开发时接触最多的是 Linux，很多项目网站都要部署在线上 Linux 服务器上。用过 Linux 你就会发现它简单、好用、快捷、省事，真香！"
程序员的破防瞬间🙃🙃,
大学牲码农👩‍💻,自己选的路哭着也要走完😭🫡
湾区 | 00后meta程序员入职两个月plog,"不知不觉入职两个月啦[耶R]
上班时间真的过得好快啊！
[得意R]在大门口拍照了
Vr拿了
工作证拍了
Campus自行车骑了
甜点吃了（每天一个冰淇淋.... [得意R]）
	
还发了十几个diff[捂脸R]虽然每天很累但是真的觉得好充实，发现自己其实真的很喜欢这份工作！鳗鱼继续加油啊啊啊
	
最近看到好多24 25届的在找工作！祝大家都在秋招找到心仪的工作！！[赞R]
	
有需要refer的也可以找我 会尽最大努力帮忙的！"
辅导员说计算机差的学生都有一个通病...,"📌动不动就被身边的环境或者人影响，然后好几天学不下去，做一条咸鱼。
·
📌搜集信息能力差
只学课本上的，不逛论坛技术网站。在课堂上能学到的少之甚少，所以需要打破信息差，去各种技术论坛或者网站进行学习补充。（以下这些用起来）
Leetcode：是程序员求职找工作必备
菜鸟教程：多种基础编程机术的教程
Stack Overflow：与程序相关的IT机术问答王站
Coursera：可以免费听世界名校例如哈佛等的CS课程
W3Schools：为初学者Web开发人员编程所建，涵盖了当前主流编程语言
HackerRank：程序员参与各种编程语言竞赛并检测自我能理的王站
GitHub：世界上最大的代码托管平台
.
📌动手能力差
计算机专业是个实践性很强的专业，如果只听不动手写代码，那么很难掌握好。动手实践是检验你是否真正掌握一门技术的唯一途径，理论再好，等你真正开始动手实践的时候就会发现还有很多意料之外的问题。
·
📌规划能力差
大学四年没做好规划.浑浑噩噩的度过了：读研或找工作或其他安排，都要提前想好，以其为目标，四年都向此努力。
·
📌不坚持
遇到不会就轻易放弃：遇到不会就绕开，慢慢地就会积累很多的知识盲区，其实每次遇到不会的知识应该要去挑战，这样才能够进步更快。
·
📌不参加比赛
像""程序设计大赛""、""数学建模大赛""、""创新创业大赛""都是经典的大学生比赛，多参加，多获奖，对找工作和读研都有用处。
·
📌不好好学习英语
虽然学习编程，跟英语好不好没有关系。但是很多官方文档都是英文的，学习资料也是英文的，很多 BUG 的解决方法也是英文的。英语不是主攻，但是辅助效果超群。
·
📌不重视基础
很多人觉得数据结构算法、计算机网络等课程这些学了好像对编程没什么作用，但其实它们会在后面面试或工作上慢慢体现重要性，可以决定你的天花板有多高。
～～～～～～
🖍写在最后
人生没有重来的机会，过去也无法选择，但是未来怎么样是当下的自己才能决定的，所以，从现在开始好好努力吧。"
实际上的程序员其实都是这样的😭……,"别人以为的程序员：kua~kua~kua~很快敲出一段代码
实际上：嘶~不应该啊😦这到底错在哪了？怎么又不行了…"
"组里新招了个女Java,男的都按耐不住了","团队里周五刚来了新人，女Java，美丽清纯。
一群男的都围过来帮忙又是弄电脑🖥️又是装支架的，工作都不干了。
这行女研发真吃香啊[哇R]"
我是程序员，请攻击我最薄弱的地方,
周末，雨天，居家，,周六玩够了，周天就得好好干活了。恰好下雨，特别适合写代码！开写，小率飙升的一天
新手小白与即将下岗前端35岁程序员,
程序员最大的悲哀是什么？,
接外包要慎重，太凶险了,去年10月份联系过的项目，当时一方面没时间，一方面觉得有点悬，就没接，这两天就看见了这个，有种逃过一劫的感觉，做个人开发的第5年，也是第一次遇到这种情况
看不懂这些梗图，都不好意思说自己是程序员,"高端的程序员
往往采用最朴素的编程方式
Ctrl C+Ctrl V"
中国最难入职的IT公司,
程序员是对颜值要求最高的,"朋友相亲回来说：男程序员只喜欢美女和身材好的美女
哈哈哈哈哈哈哈………………"
我在小红书找到男朋友啦！🥰,没想到有一天能在小红书找到对象，这种感觉真的很奇妙耶！[偷笑R]我是医学生🥼，他是程序员👨🏻‍💻，我00，他99，我们都是爱笑的四川人😁我们都觉得对方很好，都认为是彼此的理想型，彼此双向奔赴🥰医学生和程序员的恋爱，前半生他养我，后半生我养他，好像听起来还不错哦，哈哈哈哈哈哈🤣小红书好像真的可以找到优质对象耶，专属于年轻人的相亲平台，嘻嘻嘻嘻嘻😁祝大家都能遇到理想的他/她，把幸福和好运传递给你们！🥳
上班,上班
211硕士 | 32岁 | 被裁了！！,"合同到期公司不续签了！
给了n+1
字节3年，人间9年，我毕业了！！
心脏终于可以正常跳动了"
程序员被误解的一生哈哈哈哈,"两人摆弄摄像机。
	
青雅：你不是搞科技的吗？
	
彭高小嘴一撇，我是搞程序的
	
哈哈哈哈程序员被误解的一生哈哈哈哈😂"
40 年事业编VS 5年码农：退休生活谁更舒服,"近日，有网友发表了一番引人深思的言论：选择稳定的事业编制，每年收入6万，辛勤工作40年，最终累积的财富不过240万。而与之相对，那些投身于IT行业的程序员，即我们常说的“码农”，他们的年收入高达60万，只需付出五年的努力，便可拥有300万的收入。
[赞R]【这样的对比不禁让人思考：事业编制的稳定与安逸，真的能与码农五年后所享有的财务自由相媲美吗？】
[害羞R]事业编，它常被人们形象地喻为“坚不可摧的饭碗”。想象一下，那种环境稳固如磐石，生活节奏有序而安定，工作量适中，再加上国家提供的全面福利保障，这无疑是许多人向往的理想状态。尽管年收入可能不算特别高，
[暗中观察R]但长远来看，它为你提供了一个稳定的生活基础，让你无需为生计而担忧。退休后，更有社保、公积金等福利为你保驾护航，让你的生活如泰山般稳固。然而，当我们转向码农的世界，却发现那是一个截然不同的景象。他们身处一个竞争激烈的领域，技术日新月异，需要不断学习和适应。
[偷笑R]虽然年入60万听起来颇具吸引力，但背后的艰辛与付出却鲜为人知——高压力的工作环境、高强度的工作节奏，以及不断学习新技能的挑战。尽管他们有机会获得丰厚的回报，但那份轻松与自在却难以拥有。
[偷笑R]事业编所带来的稳定与安逸，无疑是一种稳稳的幸福。它让你每天都能按时上下班，无需担心失业的风险，享受那种平淡而真实的生活。而码农们则追求的是挑战与成就感，他们愿意为了更高的目标而付出更多的努力。
[害羞R]我邻居就是一个典型的例子。她在家族企业中工作，虽然收入不高，但生活却过得悠闲自得。相比之下，我作为一名互联网后端开发者，每天都感到疲惫不堪。虽然我的收入可能更高一些，但那份焦虑与压力却让我难以释怀。
[自拍R]不过，也有一些同事选择从体制内跳槽到互联网行业，他们觉得这里虽然压力大，但挑战更多，更符合他们的口味。
[失望R]事业编与码农，这两个选择代表了两种截然不同的生活轨迹和世界观。选择事业编的人追求的是稳定与安逸，他们愿意为了那份踏实而牺牲一些自由时间。而选择码农的人则追求挑战与成就感，他们愿意为了更高的目标而付出更多的努力。
[喝奶茶R]但无论选择哪条路，最重要的是要找到适合自己的生活方式，按照自己的剧本去演绎自己的人生。不要让任何人给你打上标签，自己的路自己最清楚！"
马化腾:我是一个内向的程序员，周边的人都不,马化腾:我是一个内向的程序员，周边的人都不认为我会办一个企业
可爱吗，敲代码超凶,计算机研究生在读没工作，图片是联邦学习差分隐私保护机制，语言是python，电脑是Mac ，衣服是森女部落[喝奶茶R]
有哪些话，一听就知道程序员是水货？,"和刚入职的同事聊天资源保存的问题，
他说将上传的视频保存在MySql数据库中，
我当时都惊呆了，
但是碍于面子，
我选择「王顾左右而言他」。
晨会上领导介绍新员工，
说：“ 这是我们从大厂挖过来的资深程序员，大家欢迎。”
。。。"
日本闪婚 ！180程序员老公真香,"曾经的我，总是一个人面对生活的风雨⛈️，独自搬家、独自看医生，独自处理各种突发状况。在日本我习惯了独来独往，习惯了无依无靠假装坚强，习惯了要死不活的前任不回消息却心血来潮地温柔（日男，懂的都懂）
在日本的第5年，我遇到了他。他是一个嘴巴笨笨的理科男。但他知道谈恋爱不能让女生花钱，知道要带她去漂亮的餐厅，知道女生都喜欢拍美美的照片，知道女生喜欢包包和迪士尼。
🥹他是我见过的最单纯，最好脾气，最恋爱脑的男生。❤️庆祝他生日那天因为赶不上终电不得不留宿我家的时候，居然什么都没发生！连续好几个晚上，还是什么都没有发生！抱都不敢抱一下那种！这种少女心被戳到的感觉有没有人懂😭
当有人说他像张凌赫的时候（虽然并不），他才发现原来自己好像长得还不错？😅
还没交往的时候，他隔三差五地找我出去玩，明明忙的要死却各种找理由地要一起吃晚饭，下了班穿着西装皮鞋在皇居陪我夜跑。他明明是一个不怎么爱说话的人，和我在一起时却有说不完的废话，开不完的玩笑。
他会在我上班的时候提前把我家打扫得干干净净，会凌晨5点坐车1个多小时只为去池袋买我想吃的早餐。会花着他自己辛苦攒的钱带我去大阪京都冲绳玩，会根据我的节假日来安排他的工作进度，会带着电脑一边工作一边陪我去迪士尼。各种我都不知道的纪念日，总是会变着法地给我惊喜。
东京的快节奏曾让我焦虑，他的工作虽繁忙，却从未将压力传递给我，他总是无条件支持我，爱护我，虽然我现在很瘦，但我对身材一直很焦虑，他见过我最丑最胖的样子，却依然觉得我是他最美的小仙女。
我觉得我再也不会遇见像他一样的人了，
在交往的第4个月，我们决定结婚。准确来讲是我提出，你要娶我就早点说，别耽误我时间。
于是我们在没有见过双方父母的情况下，在交往不到半年时，勇敢无畏地去大使馆领证了！
（仪式感的领证日一整天从妆造到跟拍到餐厅的记录有空再单独写一篇。）
直到回国办婚礼为止，我们才见双方父母第一面。我敢这么做是因为我知道，能培养出这么善良谦虚的儿子，他的父母也一定很善良。
曾以为这个世界很糟糕，不再相信真心。但他把自己的心掏出来告诉我，这个世界很美好。
遇见他我很幸运，但他不止一次地却对我说，遇见我，用尽了他所有的运气。"
程序员新人禁忌：你是打工的，不是当学生的,"蕞近公司新来了一个网工实習生，真的差到离谱啊，上头让我带简直是在给我添堵...现在真实感受到了为什么计算机行业的老人不愿意带新人了！
问题不是我不想带，是真的差的离谱带不动...
先不说工作能力差，就连一些基本的职场禁忌、职场文化方面的东西都不懂，每天从里到外透着一副学生气，看了就头疼
今天实在受不了了，来这里吐槽一下，顺便把我就业五年的工作经验分享出来，有需要的直接用吧
-
新手职场注意
不管在哪里，勤勉好学的永远进步蕞快，虽然我不提倡加班内卷，但任务做不完还准点下班就说不过去了，要是在公司加班还能偶尔问问同事问题，也不亏
.
不要光想不做，做了之后才能知道往哪方面努力，有问题卡住时，先尝试自己花时间解决，解决不了问别人时，可以先说明我在做什么，做到哪一步为什么卡住，我做了什么尝试，而不是直接一句话问别人怎么做
.
公司是创造价值的地方，不会像学校那样等着你把所有东西学会。你可以在工作中持续学習，来增进自己的一些技术，但是前提是完成工作，这也能给你带来大量的实战经验，这也是之后和其他人拉开差距的地方
-
新人必.备的提升工具
📝工具类
·Webstorm
前端开发ide，什么都好就是内存大
·postm.an
接口调试工具
·Fork
可视化git代码提交工具
·Transmit
文件ftp传输工具，搭配Terminals使用效果更佳
.
📝软件类
·Pdf professional sulte
pdf阅读器
·Hacker rank
在线编程平台，参赛，测试自己
·Tencent lemon
免费垃圾清理工具
·m.aczip
解压缩工具
·FSCapture
📝网站类
·Github
开fa者都会在上面找各种各样的开源项目来学習，可以十分简单便捷地找到海量的开源代码
·菜鸟教程
编程技术基础教程，提供大量在线实例，是编程基础知识查漏补缺的shou选
·LeeCode
知名刷题网站，有许多编程面试题目，很多国内外的程序员在上面刷题
-
篇幅有限...今天就先给大家分享到这里，蕞后给大家来点提升工作技能的工具
黑舟快马班：我之前备考网络工程师时就跟的这个，软考这块做得算是蕞好的了，把老师讲解侧重点和各种答题技巧学透彻，好好跟下来拿下小绿本基本没啥问题。
Stack Overflow:与程序相关的IT技术问答网站，大多数的编程问题都可以在这里找到答案
Codecademy：对小白特别友好，还有community可以进行讨论学習"
程序员👩‍💻同事全男的啊啊啊无聊死了,
程序员的悲哀是什么,第一条真的是太感同身受了
国内字节跳动 vs. 美国Meta程序员,"🤔国内Top大厂之一🇨🇳字节跳动 vs.美国硅谷大厂🇺🇸Meta，中美两个代表性大厂的程序员，谁的薪资待遇更好？
	
💰薪资结构：
🇨🇳字节：薪资结构为平均月薪+年终奖（约为3个月工资），字节给应届生的薪资比其他同等大厂会高20%-30%；职级到2-2开始拿股票激励。
	
🇺🇸Meta：新入职的所有员工会拿到一个package, 主要分为基础工资+签字费（Sign-on)+RSU股票这3部分。其中签字费将按月给, RSU Vesting分4年，每年25%的比例来给。
	
📒考评制度：
🇨🇳字节：字节跳动内部的绩效考核一共有八级，从低到高为 F、I、M-、M、M+、E、E+、O，并会进行强制分布，对应年终奖和月薪百分比的涨薪。达到M就有涨薪机会。每年两次考核，一般在三月和九月。
	
🇺🇸Meta：公司没有统一指标，但是有隐性的绩效考评，淘汰率约为15%。
	
❤️福利待遇：
🇨🇳字节：五险一金（养老保险/Medical保险/失业保险/工伤保险/生育保险+住房公积金），距离公司步行30分钟/骑车20分钟以内可获每月1500的租房补贴；入职即送年假7天，带薪病假8天；工作实行大小周，大周周日上班，1.2倍工资；免费三餐/下午茶/健身房/娱乐室。每逢节假日有礼物。
	
🇺🇸Meta：保险牙科眼科等全包，21天的带薪休假，无限期的病假，4个月的产假/陪产假，免费的三餐和健身房；每年100%的401 match（至多$10,250） ；搬家安迁费7000刀。
	
除了以上信息，欢迎小伙伴们交流补充！"
程序员们，说出你们最喜欢的软件或工具,我先来，Alfred。[偷笑R][偷笑R]
入职字节一周VS入职字节一年,入职字节一年，朋友都说班味很重
一个软件有几千万甚至上亿字节，程序员是…,"首先问大家一个问题：有编程经验的你，觉得编写一个软件，真的可以依靠程序员超强的记忆，记住几百、上千万字节，然后就能最终编写出一个功能完整的软件产品吗？
	
不会有小伙伴真的这样认为吧？很难想象，那得背到什么时候？就算被熟了，面对灵活多变的软件需求，该怎么灵活应对呢？
	
我认为，一个软件产品的完成，靠背肯定是不行的，熟练掌握、理解一门开发语言的语法知识，然后多做项目多实践才是正道！
	
在这里我深度总结了以下八点，认为可以极大的降低编写复杂软件系统的难度和门槛的窍门，与你分享。
	
[一R]模块化编程： 大型软件通常分成许多模块或组件，每个模块都负责特定的功能。程序员只需要关注自己当前工作的模块，而不是整个代码库。
[二R]注释和文档： 程序员会添加注释和文档，以解释代码的作用、算法的原理以及如何使用不同的函数和类。这些注释和文档有助于程序员理解和记忆代码的工作原理。
[三R]版本控制系统： 使用版本控制系统（如Git）来跟踪代码库的变化，允许程序员在不同版本之间切换，查看历史修改记录，协作开发，并恢复以前的代码状态。
[四R]代码搜索工具： 程序员可以使用强大的代码搜索工具，如grep、IDE内置搜索等，来快速查找特定功能或变量的引用，而不必手动记住每个细节。
[五R]集成开发环境（IDE）： IDE 提供了许多功能，包括代码自动完成、错误检查、调试等，有助于提高生产力并减轻记忆负担。
[六R]命名规范： 使用一致的命名规范和有意义的变量名、函数名可以使代码更易于理解，不需要记住各种随机的名称。
[七R]代码重构： 随着时间的推移，代码可能会变得复杂或难以维护。程序员可以进行代码重构，以提高代码的可读性和可维护性。
[八R]代码复用： 程序员可以使用库、框架和模块化的代码，而不必每次都重新编写相同的功能。
	
OK，接下来向大家分享三则，我们可爱的知友关于这个问题的精彩答复（见图部分），一个比一个精彩，一定看到最后哦。"
在线蹲一个懂哥,"在这个大喜的日子
本薯有个疑惑已久的问题
为什么程序员的编程界面都是黑色？
	
评论区揪五位程序员薯仔送出小礼薯队长公仔～"
程序员为什么不能一次性写好，需要一直改,
下班日常,[老虎R]落魄程序员在线下班
程序员入职前后对比,"做了码农，再也没有想打扮的心思
只求测试姐妹别找我"
29岁大厂程序员被裁员后来瑞典卖卤味（一）,"我，互联网7年老兵，熟悉前端后端到运维各种技术栈，能开发，能设计能架构。在公司和领导同事也相处非常融洽，然而还是免不了突然被裁员的命运。由于整条业务线被砍，我上午还在修复紧急bug，下午就收到了N+1礼包。
当时我听到消息犹如晴天霹雳，整个世界都变得灰暗了起来。虽然之前也有听说一些朋友被裁员，但是怎么也想不到这事会发生在我身上。
在休息了一个月后，我开始疯狂投简历。然而基本都石沉大海，杳无音讯。这个时候，我朋友点醒了我，你这么喜欢做饭，为什么不试试创业做餐饮呢？
所谓一语惊醒梦中人，我确实非常热爱做饭，并且一直有一个拥有自己饭店的梦想。但是国内餐饮已经非常的卷，然而这时刚好刷到小红书瑞典有人在出售餐馆，于是我就萌生了去瑞典开卤味店的想法。。。
后续故事，请持续关注我了解。"
码农二代[蹲后续H],码农二代[蹲后续H]
工资比我高却写出这样的屎代码,大神来了，新来3年开发工程师，定薪15000，今天review代码，大跌眼镜，没有想到他写出这样的代码，到处使用if else return，一个简单的需求，愣是写了5小时，中间还百度，服了！
程序员ootd｜背上书包就下班,"一天只有下班和喝奶茶的时候是快乐的
	
jk yyds"
程序员们，公司离了你根本转不了！,你们就是公司顶梁柱！
程序员真的很辛苦吗，我朋友天天说累死了累死了，但从我的视角看就是每天坐一天搞搞任务开个会下班。,程序员真的很辛苦吗，我朋友天天说累死了累死了，但从我的视角看就是每天坐一天搞搞任务开个会下班。
10月24日是一个节日...,"程序员节
1024程序员节（1024 Programmer's Day）是广大程序员的共同节日。1024是2的十次方，二进制计数的基本计量单位之一。针对程序员经常周末加班与工作日熬夜的情况，部分互联网机构倡议每年的10月24日为1024程序员节，在这一天建议程序员拒绝加班。在这个特别的日子里，许多科技公司、编程社区和程序员们都会举办各种活动，比如技术分享、编程竞赛、聚会庆祝等，以此来表达对程序员们的敬意和祝福。
程序员就像是一个个1024，以最低调、踏实、核心的功能模块搭建起这个科技世界。1G=1024M，而1G与1级谐音，也有一级棒的意思。内容来自于网络侵删"
请攻击程序员最薄弱的地方（不是,加班前健康度确认
程序员 二次元 母单 感觉我的buff叠满了[哭惹R][哭惹R][哭惹R],程序员 二次元 母单 感觉我的buff叠满了[哭惹R][哭惹R][哭惹R]
中科院｜毕业去当男模会有市场吗🤵,"“到时候你来上海🏙️我白天当程序员敲代码🧑‍💻十二点下班半夜转场当男模🤵，早上回来给你带一份小杨生煎，你在外边养个小白脸，我干不了两年就噶了👻你俩直接幸福一辈子就完了👩‍❤️‍💋‍👨”
	
有一说一，程序员一天到晚累死累活的也赚不了几个钱[叹气R]真不如去当模子哥（但是有人会点我吗[满月R]）哈哈哈哈哈开玩笑😝我的offer什么时候跟我谈薪啊[哭惹R]不会给我开个烂白菜价吧[哭惹R]秋招人的焦虑真是不签完三方就一直存在啊😖
	
北京的秋天还是挺美的，昨天去了玉渊潭公园，已经有挺多银杏叶黄了🍂，枫叶也红了不少🍁"
命🆘我好像发现了在香港找高薪工作的密码,"随着香港积极引进人才，大批名校毕业生、名企职场人通过多种途径获批签证，准备赴港工作甚至定居。今天就为大家盘点一下香港超百万的高薪行业：
1⃣ 金融行业相关
数据架构师年薪：90万-100万港币
程序员年薪：20万-72万港币
在分析师的蕞低级别职位中：证据研究年薪可达48万港币；投资组合管理年薪可达55万港币
	
2⃣地产行业
房地产开发/管理类年薪大概在30万-40万港币。香港地产巨头云集，每年都需要招聘大量人才，比如太古集团 (Swire）、新鸿基地产（SHKP）、恒隆集团等企业都是历年校招的常客。
	
3⃣法律行业
Assistant （法律助理） / Paralegal（助理律师）年薪在 25万-50万港币。
企业法律顾问年薪最低可以达到70万。
	
4⃣医疗行业
公立🏥护士年薪可达 30万以上
公立🏥医生年薪可达70万以上
	
5⃣工程师
工作十年的士木工程师，年薪百万以上也是很常见
	
6⃣建筑行业
起薪6万左右，资深建筑设计师能达到年薪百万。
	
🌟以下是香港常用的几大求职平台，可以收藏备用哦
📍Jobsdb
香港no.1求职网站，亚太地区最大的人才招聘网站，企业大至各国上市名企，找到工作的概率蕞高。
	
📍Indeed
这个app有很多筛选功能，可以搜索特定地点周围几公里的工作。也可以根据自身的学历来筛选工作，能省事的找到适合自己的工作。
	
📍Linkedin
可以在这找心仪公司，还能让学长学姐帮你内推应届生。可直接搜索 graduate 等关键词，可以更迅速的找到校招的岗位。
	
📍JiJis
专门为应届生打造的一站式求职平台，因此上面也有大量的针对应届生的岗位。
	
🌟在香港工作的优势
1⃣工作机会比内地多
香港其实已经流失一大部分精英了，正是因为如此优才/高才来港其实还是比较好找工作的。
2️⃣大部分情况确实是到点下班
内地工作很多都是强制性加班，996是常事。但是香港这边却不会。
3️⃣很适合有事业心的女生
在香港没有年龄/婚育焦虑，也没有性别歧视。相比这些大部分香港公司更看重的个人能力
4️⃣边界感比较明确
	
以上就是为大家整理的求职指南，不管是通过何种方式拿到香港身份，如果未来有赴港工作、生活的打算，都同样适用哦！"
华为没有帅哥只有秃头男么,认识朋友在华为 我让帮忙给我介绍对象 说华为只有秃头程序员 xswl哈哈哈哈
程序员才能秒懂的梗，笑抽了哈哈哈,"我这辈子最讨厌两种人，
	
第一种是不写注释的，
	
第二种事指责我不写注释的。"
经常写代码的都知道，徐峥这里有好几个bug,"bug1：图1说主角说是擅长java，然后图二代码是确是python。一般不会有人拿py写后端，而且基本不会用txt文件来存数据，都是用json的。
	
bug2：手下写的代码删掉了，他说推他身上，他重新写。事实上现在代码仓库都是能回滚的，都能找回来，不可能需要重写。
	
bug3：程序员面试都线上。而且这还是口罩期间，这种一群人线下面试根本不可能发生。
	
最后：主角一天送14小时外卖，晚上回去还开发小程序，前后端都自己搞。我只能说：人才，公司开他是公司的损失，他随便找个外包1W5很轻松。"
论计算机系大学生的精神状态,写代码哪有不疯的 [哭惹R]
程序员节🍻,一脸班味
大龄程序员润到日本工作生活了快两年了，如果大家对这边有什么问题，尽管来问。,大龄程序员润到日本工作生活了快两年了，如果大家对这边有什么问题，尽管来问。
编程语言，你学到了第几层？,
我的bug改完了，你们呢,
马斯克的AI团队，中国人干活，印度人站C位,这张合照有内涵，也算是美国职场文化的缩影，中国人和印度人都是IT主力，中国人干活，但围在老板身边的总是印度人。所以很多印度人作了CEO，中国人还是作牛马。
INTJ，天选程序员,"果不其然，在我厂程序员 MBTI 调研里，占比最高的是 INTJ [派对R]
	
占比最少的也很有意思，是对 INTJ 直接取反，得到的“社交悍匪”ESFP [偷笑R]"
38岁985本一线码农现状，真实到令人唏嘘,"今天想聊聊身边一位85后资深码农，涉及到隐私就不透露他和我的关系。
	
[私信R]背景：38岁，05年浙江省高考全省2000名+，数学接近满分。浙大本，计算机专业。已婚2娃，性格内向甚至社恐。
	
[一R]从游戏行业高光期创业到打工被裁，15年一晃而过：
09-11年：毕业后进入游戏行业做开发。
11-12年：和几个浙大校友租了个一居室创业做网游，后放弃。彼时互联网行业创业热情高涨，投资人普遍乐观，游戏行业也正值蓬勃上升期，同时期他的上届学长创业成功，创立了无端科技。
12年至今：一直做一线码农，且一直在游戏行业（休闲竞技类、棋牌类），最近部门正在找项目组成员谈话，恐怕要面临裁员。
	
[二R]关于「性格」，也许是他觉得最遗憾的部分：
他提到：性格改变命运，对任何行业都适用。随着年龄增长他对此更是深信不疑。
	
他的同龄人里一线码农确实已经不多，大都已晋升为带项目的技术管理岗。他总结说这些人普遍“自信和自律”。他说道：足够的自信，就能说服别人；其实领导和被领导某种程度就是比较谁更强势，自信的人更容易成为领导人的角色。
	
我猜测也许这些年，他感受到了许多被上级硬塞的不合理需求，而不善言辞的他也许没等开口就被否决，压抑的感受逐渐地积累。也许他也曾经羡慕过那些自信到可以在职场游刃有余的人吧。
	
[三R]关于创业，风口+团队+资金缺一不可：
他说到，结合国家计划和政策顺应这个大方向去判断风口，在此基础上要有志同道合的人，顺利度过艰苦期还是可以考虑创业的。此外，要顺利”过冬”，充足的资金储备也必不可少。另外需要考量的是，现在行业long*断大环境下对创业型小团队非常不友好。
	
[四R]写给那些年轻的码农们：
优先专注在某一个技术，深入研究，技术是一通百通的。一个优良的程序员，最重要的是学习欲望和谨慎严谨的品质。
	
[五R]曾经意气风发的创业青年，现在眼里还有光吗？
高考超重点60多分进入人人艳羡的985本，20来岁一头扎进创业项目。我相信彼时的他，也有过对梦想的憧憬和斗志吧。
	
而此刻，不多的交流中，“我这个人属于没什么斗志”、“我的格局太低了，会给年轻人带沟里，找一些成功的人要建议比较好”的表述，让我隐隐感受到他对自己的不认可和对职业发展的失意。
	
也许这就是普通人的15年吧，没有抓马逆袭的故事；有过梦想和希望，最终回归平静。我们终究只是时代的一粒沙。"
这一刻，程序员的年龄危机被具像化了,以前我只觉得危言耸听，为什么程序员的年龄限制的这么死，35岁想当牛马都不让当了吗[汗颜R]
如何识别程序员（测试第一反应，仅供娱乐）,"string是不是字符串
thread是不是线程
exit是出口还是退出
if…else…算不算正确语法
class是不是类
1!=1，true or false？
参考文献：如图 @水果宾治武士G  @胖仔子 @是陌霖鸭"
程序员梗图|万物皆可C++，哪用学其他,"·
高端的程序员
往往采用最朴素的编程方式
Ctrl C+Ctrl V
·"
身边经验学，程序员脾气普遍好或许是因为他们知道发脾气解决不了问题，冷冰冰的代码冷冰冰的报错。我气到摔鼠标砸键盘扇自己都有，然后冷静下来继续写hhhh 但是很少真的出现能力范围外的问题，最终困难都能解决。,身边经验学，程序员脾气普遍好或许是因为他们知道发脾气解决不了问题，冷冰冰的代码冷冰冰的报错。我气到摔鼠标砸键盘扇自己都有，然后冷静下来继续写hhhh 但是很少真的出现能力范围外的问题，最终困难都能解决。
程序员👨🏻‍💻,哈哈哈自拍奉上！
飞行员 VS 程序员,知道飞行员工资高，却不知道有这么高
女儿在读计算机，以后不做程序员,"现在女生做程序员，还真不一定好。
之前刚入行那会，坊间传闻，会有人手把手教写代码，还有团队以女生比例作为JD的亮点（久远记忆）。
现在广进计划，JD都消失了，同事还巴不得卷不过自己的人被裁掉呢。
太残酷了。"
白人码农星巴克刷题,这个年头程序员面试根本性变味了，面试都是做题目，这些题目在工作中完全用不到，脱离面试的本质。 这种风气什么时候才能消失？
25岁 vs 42岁  Java程序员 vs 外企管理,"🌿🌿职业发展：
25岁：作为一名Java程序员，我刚刚入行，对技术充满热情，每天都在努力学习和提升自己的技能。那时，我在一家初创公司工作，虽然辛苦，但充满成就感。
42岁：如今，我已经成为一名外企管理者，负责带领团队完成项目。我不再专注于技术细节，而是更多地关注团队协作、项目管理和业务发展。在这个阶段，我更加注重沟通和领导力的提升。
🌿🌿生活状态：
25岁：那时的我，生活相对简单。除了工作，就是和朋友们聚会、看电影、逛街。我对未来充满期待，但有时候也会感到迷茫和焦虑。
42岁：如今的我，生活更加稳定。我已经组建了自己的家庭，有了可爱的儿子, 14岁。同时，我也会花时间锻炼身体，保持健康。
🌿🌿心态变化：
25岁：那时的我，年轻气盛，对未来充满信心。但同时，我也会因为工作中的挫折和压力而感到焦虑。我渴望成功，但有时候也会对自己的能力产生怀疑。
42岁：如今的我，心态更加成熟和稳重。我明白了成功并非一蹴而就，而是需要不断积累和努力。面对挫折和压力，我更加从容和冷静。同时，我更加珍惜身边的人和事，学会感恩。
🌿🌿兴趣爱好：
25岁：那时的我，热爱编程，业余时间也会学习一些新技术。此外，我还喜欢看电影、旅行和摄影。
42岁：如今的我，虽然工作繁忙，但仍然保持对编程的兴趣。此外，我还喜欢阅读、瑜伽和参加各种公益活动。
	
🌿🌿🌿🌿总结🌿🌿🌿🌿🌿
从25岁到42岁，我在职业、生活、心态和兴趣爱好等方面都发生了很大的变化。岁月让我更加成熟和稳重，也让我更加珍惜眼前的一切。"
程序员古早梗图！不信你不笑！,"·
太真实了吧
你能get到嘛？
·
﻿"
大厂程序员下班健身打卡nnnnn,"最近一天两练，中午有氧晚上力量，沉淀就完事儿了
	
上周末回了一趟杭州，真的还是蛮喜欢杭州的，所以人啊，真的要学会珍惜所有遇到的人和事
	
程序员·沉淀"
没想到你是这样的程序员,live存在的意义大概就是可以随时随地捕捉我们最真实的一面[doge]
十多年码农，要给ai磕一个了,"这几天在写一个压测程序，前面的框架部分采取的传统做法：一边想一边网上找，然后再改改，半天就跑通后还沾沾自喜。
	
搞了个claude代码辅助插件：从理解我的原始代码(大概5-6个类和文件)，能指出潜在问题，给出修改建议，并且按照新的指令添加功能，总共花费10分钟！！ ps: 测试两次没跑通，还是因为我copy时候看漏了[捂脸R]
	
过去十多年，程序员吃了很多红利，未来走向却不再是岁月静好了。以前牛逼的程序员都爱造轮子，不爱写业务。风水轮流转，轮子ai造，中台算法部分几乎可以全灭了[汗颜R] 写业务的倒反而会慢点被淘汰，但需要更卷了[笑哭R]
	
未来只存在两类程序员了：ai大佬和爱好者。。。中间的部分会被ai大佬用开发的工具或者agent迅速取代！这并不是危言耸听。突然想起一句话：踩死一只蚂蚁与你我何干？！
	
这真是最好的时代，也是最差的时代。"
大厂算法程序员下班沉思录No.1,"几个不同角度的新闻。
	
Oppo放弃哲库科技，3000人团队原地解散。阿里达摩院自动驾驶团队解散。
	
阿里拆分1+6+N。说是为了敏捷组织。但现金奶牛淘宝天猫仍由集团全资控股。
	
23年前2个月亚马逊裁了2.7万，谷歌1.2万，meta和微软各1万。美国科技企业前两个月裁员约8.9万。而去年一年裁了9.7万。
	
滨江新盘枫映华庭57天从拿地到开盘，2天盖一层，一把梭哈全部房源。创历史记录。（之前正常一般拿地到开盘需要1年时间。
	
看这些大公司的行动就能明白。纵观经济史不难发现，企业面对经济xx乃至经济xx的唯一手段，就是剥离非主营业务，降本增效，保留现金。而这些手段正是这些大公司现在在做的事情。
	
所以一个结论很明显但说了会被和谐掉。所以对未来仍需要谨慎。控制消费、保留现金、不盲目负债。等到危机发生、泡沫破灭时，别人被扭曲的资产价格，就是你实现阶级跃迁的最好机会。"
不要轻易重构你的代码，因为…,"写代码又不是造火箭，毕竟，代码和人有一个能跑就行[飞机R]
	
况且，重构之后，可能还是那一坨，只是换个出bug的姿势[爆炸R]
	
[doge][doge][doge]"
程序员很需要一个女人,"我终于懂那句“爱不爱的，上两天班就老实了。”是什么意思了。
爱不爱的，写两百行代码就老实了。
写代码，真的很枯燥无味，很想找个人聊聊，能不能给我来个女人，解解我的空虚之苦。"
来算算你转码成功的概率,"很多同学问我是不是要转码，在美转码成功的概率，如果以在美国上岸为目标的话，
我想了下，大家可以玩个游戏：
	
美本（stem额外+1）       3分
陆本清北                           1分
中等以上的转码项目        2分
有身份                               5分
有大厂码农家属                3分
在美职场人脉                   2分
励志leetcode >800题      5分
国内码农经验 > 3年         3分
职场经验 > 5年                 2分
对继续读博开放                2分
LGBT                                 3分
亚裔男生                          -2分
时代                                  10分
	
[折叠椅R][折叠椅R][折叠椅R]
假设总分10分以上的话，上岸概率较高，
我自己评了一下，
我只有中等以上的转码项目（2），在美职场人脉（2），职场经验 > 5年（2），亚裔男生（-2）
一共就4分，好惨😭
	
[doge][doge][doge]
我还能努力的点：励志leetcode 刷到800题，这样总分9分勉强冲一冲！
其他撞彩票的点，时代如果好了，加十分！那前面的都是浮云了☁️了"
大厂程序媛自救第145天｜感觉自己应激了,"自救失败。
	
今天状态很不好，昨天晚上两点半才睡，早上又很早就醒了，感觉心脏处于一种很难受的状态，像是被压扁了，整个人的精神上也很紧绷，即使我一遍遍地安慰自己，没关系，活干不完就拉倒，没什么大不了的，但是也并不能缓解我身体上的紧张。
	
早上起来状态很差，非常想请假，但是想到请假后活更干不完了，还是去上班了，然后一天神经都是高度紧张的，调需求a的代码，调不通，找下游咨询，等下游回复的空隙里，写需求b的代码，说是在通用的代码上改一改就好，其实原来的代码写的并不通用，改得我头疼，然后时不时被拉上需求c的会，沟通这个需求要怎么做。十点实在撑不住了，下班了。
	
感觉自己最近的状态非常不健康，从身体到精神上，说到底还是躺得不够平，真的想来个破窗效应，直接开摆[笑哭R]
	
今日没CheckList，全是0分"
程序员工作的第一年,发福20斤止都止不住
程序员上班两年对比图,
中国程序员的前途是一片灰暗了。。。,来自知乎答主对中国程序员前途问题的回答。现在公司都要求很高，几个著名外包公司都要求有大厂经历，某头部外包学历要求985，211了。。。其实不光是中国的程序员，国外的朋友也是一样的，究其原因还是全球经济危机对大环境的打击，大家都表示面临失业被裁的风险。
程序员很需要一个女人,"我终于懂那句“爱不爱的，上两天班就老实了。”是什么意思了。
爱不爱的，写两百行代码就老实了。
写代码，真的很枯燥无味，很想找个人聊聊，能不能给我来个女人，解解我的空虚之苦。"
程序员的发量,像我这样的入职了就老实了
廉价程序员纯纯牛马,现在程序员这么廉价了吗[哭惹R]
程序员段子梗图第二弹,
"真相了，北京各行业的真实收入其实是这样的。在头条，在小～书，一般见到的都是年薪百万，或者存款八位数躺平养老的。事实上，大家都真的这么有钱吗？
	
现在大家都学计算机，计算机是个很特殊的专业，上限高但下限也低，年入千万和年入不到五万的同时存在，低收入的还不少，中位数也就年薪30来万，这还是工作多年的有经验的职场人士。
	
外企是很多人羡慕的，要知道外企也分三六九等，好的外企待遇高+WLB，但毕竟少数。大部分外企都入乡随俗了，待遇和工作氛围都日趋“中国化”，还不如一些好的民企。
	
随着人口减少和老龄化日益明","真相了，北京各行业的真实收入其实是这样的。在头条，在小～书，一般见到的都是年薪百万，或者存款八位数躺平养老的。事实上，大家都真的这么有钱吗？
	
现在大家都学计算机，计算机是个很特殊的专业，上限高但下限也低，年入千万和年入不到五万的同时存在，低收入的还不少，中位数也就年薪30来万，这还是工作多年的有经验的职场人士。
	
外企是很多人羡慕的，要知道外企也分三六九等，好的外企待遇高+WLB，但毕竟少数。大部分外企都入乡随俗了，待遇和工作氛围都日趋“中国化”，还不如一些好的民企。
	
随着人口减少和老龄化日益明显，未来蓝领工人的收入会大幅度提高。你想想，你家水管门锁坏了，哪次不是几百起步而且还很难找到合适的人上门？
看的开的父母，已经不卷孩子了，上个普通学校，未来也不会差。"
为什么很多公司都不招大龄码农？,
程序员为啥不一次性写好,
程序员的小手臂,"健身房手臂无氧一小时
工位手臂有氧一晚上"
家境殷实为什么要当程序员？,"最后悔的事就是当了程序员 本人在国内头部大厂和硅谷大厂都当过工程师 从读书到工作身边人都卷王 他们很能吃苦 吃饭都在工位上解决 我真的卷不过
	
我觉得我的中产家境真没必要没苦硬吃，互联网行业卷生卷死，真不懂当时怎么进了这个行业，每天都好累"
一张图告诉你真实的蚂蚁后端程序员男女比例,"这张照片真实反映了我当时所在团队的男女分布情况。细看照片，是不是有一种满满的黑色衣服带来的压迫感[笑哭R][笑哭R]
	
据我所知，阿里及蚂蚁内部所有团队女程序员的比例大概在10%左右，后端研发岗位会显著低于这个比例，常常是好几个团队才会有一个女同学，比如我[暗中观察R]前端研发和测试岗位相对而言能看到更多的小姐姐💃
	
作为团队唯一的女生，工作上遇到问题大家确实都会很nice的一起讨论解决，不过其实他们自己讨论的时候会更加激烈，有时候甚至能看到面红耳赤的讨论技术方案。但是工作成绩上并不会因为性别被特别对待，程序员是个非常公平的行业，大家衡量的标准都是是否具备有价值的产出。
	
平时相处过程中，程序员男同事们其实都非常理性、客观、友善。虽然部分同事性格偏内向，但是总体而言绝对不是大家印象中的nerd形象‼️其实有不少幽默风趣的潮人出没。不得不提一句，《脱口秀大会》里的旁博其实也是程序员出身哦[赞R]
	
另外，其实后面团队加入了其他小姐姐，工作表现很出色！希望以后能看到越老越多优秀的同行小姐姐[加油R]"
壁垒程序员,避雷这个格式的程序员的票，言语侮辱粉丝高价出票，把买票的粉丝当圈钱的工具还辱骂，尹净汉腿伤休息期间阴阳买了前排的粉丝，辱骂伯贤在演唱会上关于黄牛票的发言。原价550的票卖3w8还要榨干粉丝的钱包，再有钱的富婆粉丝也别给这种人送钱吧。[微笑]
程序员搞笑的事?,程序员搞笑的事?
轻井泽程序员 现身说法 我好像被骚扰了,
【大厂女程序员的周末】偷感很重的学习,"周末偷偷学习DDD
这周又有同事被广进了，压力又来咯[哭惹R][哭惹R]
不得不说，大厂的业务真的是太复杂了，面向对象，设计模式感觉都不够用了，已经开始学习领域驱动设计了⛽️⛽️"
中科院｜🧑‍💻程序员中的发量王者🫅,"众所周知，程序员身上最贵的单品是头上的植发，但是没办法，本发量王者代码写的怎么样不知道🧑‍💻，但是头发长的是真好，每次去剪头发都要被夸头发长得好，而且每次都要打薄💇（今天去剪头发，理发师不只打薄了头发，还说我衣服好看要链接🔗没办法了，只能办卡了💳🤪）
PS：我觉得P4的穿搭也不错👍"
00 女程序员的一天,完成部分工作内容开心开心～[礼物R]
屌丝程序媛的美丽瞬间,今天翻到几张库存，原图直出，年度最佳。
想问问大家程序员都这样忙吗,天天加班到11点，就连周末还一直加班，关键加班还没加班费，想请问程序员都是这样吗
今天又是程序员最爱的格子衫[自拍R],今天又是程序员最爱的格子衫[自拍R]
程序员哥股市脱口秀,程序员哥股市脱口秀第一期，你看我能上你们节目吗？李诞哥。
为什么抽烟的程序员越来越少？,"本人2004年大学毕业，在2004年到2011年这段时间所经历的公司，程序员80%都是烟民，一说要抽烟，都是成群结队的在楼梯口聚集，装烟头都是用桶装。2011年至2020年这段时间所经历的公司，抽烟的程序员越来越少，不到10%，甚至大部分都是烟酒不沾，难道是以前的程序员压力太大？还是现在的程序员太轻松？
像老一辈的程序员90%都是资深烟民，例如：雷军、求伯君、马化腾、史玉柱...
欢迎广大网友留言说说你认为现在的程序员抽烟的越来越少的原因是什么？"
程序员日常｜我又暴躁了…,"需求评审阶段就已经明确出来的问题，有评审记录、有会议纪要，邮件已经发给所有相关人员。
等我开发完了到测试阶段了。测试说不能接受这样的效果，说没注意邮件。
我请问呢[鄙视R][鄙视R][鄙视R]…你没注意邮件是你的问题。（还好有会议纪要，battle的时候把邮件找出来了，不然又扯不清楚了[失望R][失望R][失望R]
最终结论：要改，需要xx人/天的工作量。
碎碎念：是，现在的节奏很快，作为开发人员能理解也能配合。但是每次一有问题都是压缩开发人员的开发周期，你前期决策的时候干嘛去了。前期又不是没跟你讲过有已知问题。反复变来变去到底是谁的低效？"
今天是1024程序员节！,我向心仪的对象表白，却遭到了拒绝！我可是人工智能领域的资深研究者啊！从深度学习、深度学习、强化学习到自然语言处理、生成模型、计算机视觉、自动驾驶、智能机器人我无一不精。自从我踏入AI领域以来，我研读过的论文从Hopfield、Hinton、LeCun、Bengio到何恺明、吴恩达、李飞飞、周志华，这些顶尖学者的研究成果我早已烂熟于心。对于深度学习框架，如PyTorch、TensorFlow、MindSpore、PaddlePaddle，我也都能够熟练使用。你知道的，我对于CNN、RNN、LSTM、 GAN、Transformer、GPT、以及最新的Mamba模型的理解之深，连那些顶会上的大牛都时常赞叹我见解独到，甚至有人说我的观点比那些经典论文还要深刻。结果呢，她居然对我不感兴趣？在我面前装什么清高？有个情敌拿着几本《高等数学》《大学物理》装模作样，我轻蔑地一笑，谁不知道这些是入门读物？我读的可是《深度学习》（花书），《机器学习》（西瓜书)，《PRML》（模式识别与机器学习），《深度强化学习：原理与实践》，《统计学习方法》，《神经网络与机器学习》哪本不是 AI 界的经典巨著？那些科普作家还在谈什么梯度下降、反向传播、交叉熵损失、过拟合？这些早在我研究本科毕设的时候就烂熟于心了。什么 ANN、RNN、CNN、Transformer、GPT、BERT，这些模型在我眼里也不过是 AI 基础知识罢了。更不用说 LSTM、GRU、GAN、VAE、SOM，这些网络和架构早就是我的手下工具。我如此博学多才，理论和实践功底深厚，为什么她就不喜欢我呢难道我研究的神经网络结构不够前沿？从 Transformer到Mamba，从大模型到具身智能，这些前沿的方向我无一不涉猎。难道是我的数据集不够大？可我用的都是SA-1B、The Pile、JFT-3B那样的大规模数据集。还是我发的论文不够顶？确实，我承认我没有发在 Nature 和 Science，但我的CVPR， ICLR和 ICML论文难道还不够证明我的实力？还是我外表不够帅？我确实不是那种颜值爆表的，但你凭什么要求我长得帅？难道这个世界上，长得不够帅、但有着牛逼的理论和出色的编程能力就成了负担？这世道怎么就成了这样，科研成果和深刻的思想竟然比不过一个好看的外表！
被微软程序员的存钱速度惊到了,"怎么有的打工人能赚那么多钱啊
两个人一年税后有100万，花了6万，谁给我个呼吸机啊，什么时候我能有100万
	
————-
睡了，穷就算了，不能再影响我的睡眠
	
————
嫉妒的睡不着，明天就卸载小红书！
————
这帖子6万人看过了，不光我一个人眼红😍，世界的参差"
进来看34岁女码农⬇️做软件十年✅三起三落,"哈喽宝子们，我是做软件的阿贤[派对R]。从24岁到34岁，为做软件卖过房卖过车，如今身家百万，掌管3家软件公司[飞吻R]
十年时间，从大别山区走出来的小镇做题家，如今终于做成了自己的靠山⛰️
2011年，从中科大毕业后，第一份工作就是程序员。但是我从一开始呢，就有创业的想法。所以从12年就在找合适的项目。
💗创业项目是打地基，你能不能创业，能做多久，能不能赚钱，都和这步有紧密联系。
[私信R]刚好13年软件初露头角，市场反馈需求都很好，所以13年喊了朋友一起。我们那时初步资金很少，只凑了10万块。然后就注册公司，专门帮人开发各种网站。
[私信R]起步比较顺利，14年15年在合肥做的小有名气。年少轻狂呀当时，当老板谁不想开豪车呢，赚了钱就去买车买房，现金不够贷款也买，每个月现金流刚好养活公司
[私信R]结果导致公司16、17年的转型困难，17年微信小程序正式上线，做小程序和手机app的越来越多，网站生意越来越少。加上手上资金都拿去买车买房了，资金链一度濒临断裂。
[私信R]无奈之下，把房卖了，员工大换血，到处找客户，才慢慢运转起来。我也是从那个时候，养成绝对留备用资金的习惯
[私信R]18年19年，软件行业爆发，订单也爆了，公司也不断招人招人，规模也从30多人扩展到80多人。
[私信R]20年，凭着资质和经营，成功申请科技版挂牌。接受了安徽电视台的采访和宣传。作为重点科技企业，工作地点也搬到了科技园。
本来一起都好起来了，但好像上天还想再磨练我一下。
[私信R]21年一开始还不觉得有什么影响，只是上班员工越来越少，订单也越来越少。
[私信R]到22年，还是一直亏一直亏，但是只要能养的起我的人，砸锅卖铁也要养。每个月自己掏腰包补贴房租、工资、成本十几万，到后来开不起工资，偷偷去银行办了贷款，那时候谁也不敢说，焦虑到每天晚上睡不着觉掉头发。
[私信R]还好坚持下来了，23年开始挣钱还债，各种开发项目全部都接。
	
我一直以来的人生信条就是，可以接受失败，但绝对不能接受未奋斗过的自己❤️
虽然创业有太多的不确定性跟风险
但是24年，我34岁，仍然想尝试更多的可能！不辜负人生这短短几年风华🌻
🌻我是阿贤，90后软件公司老板
🌻致力分享各种的软件经验/创业思路
🌻期待同频共振~"
单身25年的我居然脱单了！,"我，25岁，幼儿园老师，平时除了哄孩子就是宅家追剧。他，28岁，程序员，整天对着电脑敲代码。按理说咱俩八竿子打不着，但缘分这东西真的妙不可言...😏
	
那天本来在家无聊刷视频，突然蹦出个推荐，说是有啥新兴的脱单活动。我抱着看热闹不嫌事大的心态就去了。谁知一进门就看到他在角落默默吃零食，土里土气的样子莫名戳中我！😂
	
活动上主持人抛出几个问题让大家聊。聊到""最近尝试的新事物""，我说自己在学手账，他居然说在学做面包！还说要是成功了想带来分享...当时我就在想：这也太可爱了吧？！🥺
	
慢慢聊才发现，虽然工作不同，但都是独生子女、都爱宠物、还都有点社恐...感觉像找到了失散多年的另一半！💖"
北漂大龄程序员的路在何方？,大龄北漂程序员最近的焦虑，虽然有迷茫、有危机。但是我们能做的就是踏踏实实的提升自己的能力。遇到问题不要去抱怨，积极解决问题，踏踏实实的走好每一步，我相信机会永远留给有准备的人。
华为员工：程序员和医生天作之合！,华为员工：程序员和医生天作之合！媳妇是三甲医院医生，我是大厂程序员，35之前我养媳妇，35之后媳妇养我，不用担心失业！
想做最帅的程序员！,努力爱上编程ing[猪头R]
前端5年经验给了我19k，感觉受到了侮辱,三年前面试的时候，都已经不止这个价，三年后还是这个价，看来计算机市场真的不景气了！
半夜接单四小时没做出来的碎碎念,"今天接了一单，帮客户调通工程，工程是客户魔改的强化学习源码，只说调通工程，但说不清详细需求，比如目前改了哪些地方，要实现什么样的效果，能跑通的源码工程在哪。硬着头皮调了4个bug，结果又遇到维度没对齐，已经四个小时了，感觉不太对劲，及时止损不做了，最后全额退款给人家了。
害，空虚度过了一晚上，明天还要上班，上班两个月已经没有刚来时候那股对技术的追求和冲劲了，指标提上去了又怎么样，待遇只能靠跳槽改变。业余时间感觉光接这种小单也挺心累的不是长久之计，平台要抽40%就更不爽了。大单认识客户一般要1k中介费，而且做出来周期长落地概率也比较低。研究股票量化和足彩量化，只能说是零和博弈，很有可能浪费时间一无所获。但毕竟是个盼头，每周还是会花几小时写点策略，希望投机取巧找到点方法。"
在大厂做练习生是什么体验,程序员入职day，变成社畜了
深圳大厂程序员男友一周穿什么,
39岁程序员 健身三年，左滑看有变化吗,"过年回去听到最多的话 说咋变年轻了
证明减肥还有运动的重要性！
39 老程序员，现在每周运动频率：一周5-6次
基本都是利用碎片休息时间完成
上班也是是单休 ，工作日午练30-40分力量
晚上看时间做40-50分钟有氧
周日上午会去刷个有氧
	
个人感觉 午休在办公室躺着玩手机
不如去健身房练一会，下午工作感觉头脑更清醒一些
	
过年期间媳妇笑话我卷王
回老家健身房团了体验卡 ，保持训练
媳妇昨天问 健身这几年的变化是什么
“人到中年 找回了生命力”"
我为啥不去华为？,电视节目之程序员哥Yapie为啥没去华为。
沪漂程序员失业第42天，小胖又去杭州面试了，我开启自律的一天,沪漂程序员失业第42天，小胖又去杭州面试了，我开启自律的一天
不是，程序员看到这些真忍不住,硬控我一天的梗图，兄弟们能不能多给我来一些笑料
辣眼睛！5个程序员的故事！,哈哈哈哈哈哈哈哈哈哈哈太搞笑了
右划看大厂程序员如何变老变秃？？？,"不知不觉已经要工作三年了！！！天天熬夜加班健身头发依然坚挺！！
	
哎，虽然目前互联网行业有所衰退，但是对于小镇普通家庭，我们这一代赚钱的最好方式之一，仍然是读个计算机专业，毕业进大厂去做程序员。
	
我非常赞同我是幸运的，是吃到时代一点红利的，但是每个人的路都不一样，对于大部分普通人而言，我们通往快乐的阈值是差不多的。
	
可能幸福的最大来源并不是物质上有多么充沛。而是我们一路上的颠来倒去，翻山越岭的折腾，终是有了一些回报。"
攻击程序员最薄弱的地方,﻿
程序员有哪些经典的笑话,
从游戏大厂裸辞一年的程序员,跟大家分享一下我最近的感受以及感悟
一般人真看不懂！只有程序员才能看懂的梗图,"·
看完是不是怀疑人生被装了监控器？
·"
AI正在拉大程序员差距,"👨‍💻 作为一线程序员，我最近有个有趣的观察：AI并没有像很多人预期的那样让大家的水平变得差不多，反而在不知不觉中拉大了差距。
💭 每天高频使用Claude让我感触很深。经常有同事跟我抱怨说AI不够好用，解决不了问题。但当我帮他们看时，往往发现问题出在需求描述上 —— 如果不能把问题转化成清晰的程序思维，再好的AI也帮不上忙。
🚀 现实是，一个懂得驾驭AI的程序员，效率已经达到了惊人的水平。他不只是在写代码，而是在做任务拆分和顶层设计，让AI各司其职。说实话，这样的工作方式让我感觉自己更像是带着一个小团队，而不是单打独斗。
✨ AI正在打破编程领域的专业壁垒。比如我，本来是个算法工程师，但现在可以轻松写前端代码。因为有了AI的帮助，程序思维是相通的，技术栈不再是限制。
⚠️ 当然，AI也不是万能的。它经常在处理复杂需求时顾此失彼，尤其是在项目的最后一公里。但这恰恰是经验丰富的程序员能发挥价值的地方 —— 在关键时刻点拨几下，就能化解难题。
🎯 说到底，AI时代考验的是一个程序员的思维能力和驾驭技术的本领，而不仅仅是编码速度。这种差距，可能会比以往更加明显。"
程序员摘下眼镜变呆狗,"时而是个人
时而是吗喽
时而是牛马
时而是呆狗
真是丰富多彩的狗生！"
黑马java培训班就业是真的吗？,
大连程序员💰8年编程能力+工资成长史,"2016年的时候，参加了Java培训班，学了Java基础，SQL，Spring，Mybatis，填鸭式教学，三个月速成。
	
从培训班毕业我就去埃森哲了，工资好低啊，才3300。培训班学了三个月，虽然让我找到了工作，但其实很多基础概念我都似懂非懂，比如我不会自己定义一个异常，并且处理这个异常，我只会处理已有的异常类型。还有一些知识学完就忘了，主要的能力就是会抄，领导给我的工作基本也都是仿造某一个功能做一个相似的功能。
	
那时候年纪轻刚入行，不知道该学点啥，我就什么都学了点，css, html, 数据结构，设计模式，不管有没有用，能不能懂，反正都买本书看看。
	
后来我嫌工资低我就跑去富达了，我在富达接触了一些之前没用过的东西，比如CI/CD， Docker，Typescript， 自动化测试等等。工作轻松，上班的时候就有时间学点东西，不需要花额外的时间学习了。在那干了两年，技术一般吧，倒是英语突飞猛进，从基本听不懂外国人说话到能1对1和外国人开会了。
	
然后我又跳槽了，去花旗又接触了点新的东西，用了Redis， Kafka， Solace等中间件。活很多，卡卡写代码，debug，进步挺快的，还能帮新人解决解决问题，有时候觉得自己挺厉害的，就干Java，没什么不会写的，觉得自己不用再努力了，可以吃几年老本了。
	
老本还吃几个月就被裁了，然后找了个全栈的活，开始做Angular了，感觉还行吧，不简单也不难。但还是需要系统的学习一下。
	
总而言之，这8年也挺不容易的，把很多精力放在挣钱上，有时候忽视了自己的健康。上班累了总觉得不想动弹，就不爱运动，压力大的时候，只有美食才能安慰我，也会暴饮暴食，导致胃消化不好，总胀得慌。以前是硬撑着不管，但是人到了一定时候，还是会注重一下肠胃管理。
	
求教有一样问题的同事，被安利了达喜消化酶，里面含有四种酶成分，食物里蛋白质、脂肪和淀粉基本能对应上。而且是肠胃分开起效。胃里消化食物的进度总能感受到似的，也快不少。
	
怪不得同事不怎么困扰呢，脆皮打工人消化顺利，身体舒服了，才能放更多精力在工作上。"
来了来了！看看字节程序员的 上班 vs 下班,"我为公司证明，字节和心脏 可以同时跳动！
周末总要过点不一样的生活📸"
奔现后互相嫌弃，程序员男朋友形象大改造,第一次波折的见面之后，虽然确立了恋爱的关系，但还是决定对男朋友的形象进行一次大的改造[萌萌哒R]
10：30下班的程序员，长这样，还能要嘛😢,"强打精神拍的🙃
我没涂唇膏！也没画眼线！头发也是真的！
这天气骑车有点冻手…冻手…冻手…"
拍摄花絮|会不会爷爷只是一个22岁的程序员,"爷爷的粉丝在哪里？？？？？让我看到你们的双手！🙌🙌🙌🙌🙌🙌🙌🙌🙌🙌
	
哈哈哈哈哈哈哈哈哈哈hhhhhhhhhhh爷爷是素食主义者，优雅的法国人呢~
这次拍摄他的脚受伤了，走路不太方便，希望爷爷快快康复呀~~~~"
干了13年的女程序员👩‍💻右滑看现状😥,"哈喽宝子们，我是做软件的阿贤[飞吻R]
小[红薯R]很多人问我，创业开一家软件公司难不难呀？
	
难呀，我今年34岁了，从一名程序员到开软件公司，没有股东，独自承担起一家公司全部开支💰
这种压力之下，到底是用什么样的工作状态[哭惹R]
	
住的远就搬到公司住，方便陪程序员加班到深夜[笑哭R]
业务不好就把大场地换小场地，开支小了就可以再多撑几个月[笑哭R]遇到行业寒冬就把房给卖了，给员工发工资[笑哭R]
	
这14年一路披荆斩棘，有时候我自己都在想，我这么辛苦是为了什么❓
	
早些年在软件开发行业还没有稳定的阶段，靠着敢打敢拼的性格，在市场初期我的确赚了不少钱，一时风光无限
	
可近几年来呢，随着疫情带来的市场下行[失望R]加上机构众多，从业人员增加，个人低价越来越多，这就导致公司业务下滑严重。这个时候我知道只能放手一搏了。我们静下心来审时度势，甚至压上了所有积蓄，即使转型研发了属于自己公司的产品。
	
同时我也增加了小红书推广这个营销曝光渠道下压。朝阳欲坠的边缘，终于又把公司拉上了正轨🌟
	
14年间经历过几场危机，让我也更加注重了公司的风险把控，再也不敢像以前一样乱花钱了[汗颜R]
	
因为我知道所有的项目都有其存在固定的周期性，对于创业者来说，赚💰是分阶段的，抓住了一个机遇，很可能就能乘风而上了，但是更多的时候我们只能折伏起来，努力的扎根🌳
	
我是阿贤，90后软件公司老板🌈
致力分享各种的软件经验/创业思路🔥
期待同频共振~🌟"
软件开发程序员,96年的我已经28岁了，做软件开发4年，月薪20k，每天除了敲代码，还是敲代码，偶尔接私活自己赚点外快，不抽烟不喝酒，有车有房，每个月能存点嫁妆，简单朴素的我还是单身一人，是不是给95后丢脸了
程序员医生律师哪个职业生涯累计收入最高,国外三大人上人行业，程序员大前期，医生大后期，律师算资源型行业吃到资源的发展曲线（金融对资源门槛要求太高所以不列进来了）。
在改了在改了，有bug 就提给我,"提测后又开启了改bug 日常，又是一轮呀～
提吧提吧，俺写的俺都认
	
上个厕所回来接着改，今天改不完明天接着改"
躺平选手，东京互联网大厂研发薪资爆料💥,"日本东京，日系互联网大厂后台开发投稿✨
bg国内985本日本硕，弱电专业非科班，2年经验
按现汇率算税前 26k*14
全远程办公，7.5h/天弹性工作制
一年12-20天年假，按在职年数递增
技术氛围很好，大佬巨多
和国内还有北美相对待遇不高，但日企没有特殊情况不能裁员，适合躺平选手"
发现旁边组的  java开发小女生 被裁了,"哎，很内向 也挺可爱的一个姑娘 刚毕业   入职时候还帮她解决过数据库链接问题 看到她 经常加班到晚上
	
今天发现 她入职一个多月就被裁了 [哭惹R][哭惹R]
	
听说被裁前 还在公司周围刚租好房子[哭惹R][哭惹R]
听说被裁是因为那个组只要高级开发 不要初级的
为什么 这个不能对一个刚入社会的学生友善些  更何况是个女孩子 [哭惹R][哭惹R]"
程序员找对象容易吗,程序员找对象是不是嘎嘎乱杀呀
为什么程序员高薪却劝退？,"为什么程序员明明是高薪职业,却越来越多人劝退?
朋友做产品经理的,35岁就坐上了总监位置,不加班还能远程办公。程序员却要天天996,40岁还在担心会不会被20多岁的新人取代。"
请对程序员男朋友祛魅,"看了好多帖子说希望找一个程序员男朋友
总结下来几点原因大概是 钱多事少鼠的早
苯人也是程序员 秉持着对程序员祛魅的原则进行如下分析
	
首先钱多 程序员这个职业确实是属于前期挣钱的那种 但他同时伴随着的是 前十年基本上在拿命挣后面一辈子的钱 钱多 但人不傻 他们需要攒着 不一定钱多就会给你花
事少 事少的同时代表丧偶式恋爱 我和我对象因为都是程序员 每天忙的飞起 一天都说不到几句话 如果你有一些小情绪小想法这些 对程序员来说应该是没空理你的 需要你自己解决和消化 身边不少同门因为谈了文科女生 她们可能需要更多的陪伴和情感需求 因为没时间做到这些 分手了
鼠的早 这确实是公认的事实 甚至有上班上到猝死的 我们作为程序员每年都在肉眼可见的加速疲惫和衰老 大家多少都有点病"
Vlog打工日常|程序员的返工日第一天,
不想做程序员了，想做,"点轻松的活
	
每天两眼一睁就是班😪"
为什么程序员的社会地位不高？,"我觉得有以下几个原因：
	
1. 教师可以帮你孩子考上好大学，公务员可以帮你少跑冤枉路，程序员不掌握社会资源，很难给别人帮忙
	
2. 大多数程序员不直接面对用户，很难建立人际关系
	
3. 其实，大多数行业的社会地位都不高，程序员只是其中之一。
	
4. 最后，靠自己的双手和头脑去获取相应的报酬，实现人生价值，就是值得尊敬的。"
32岁失业女生 转码学IT第26天，学不动了,"32岁985英语本硕，失业3个半月，学IT第26天，学不动了[捂脸R]
坚持学 IT 20多天，真得非常困难，内容很多啊。
	
开始简单，后来很抽象了，需要足够的热情和兴趣才能坚持✊。
	
最近主要精力在找工作了，还是英语相关行业，在面试几个了。
有个不错的，但工作时间 10 10 6，果断拒绝了。
	
一个月，学累了，还是再继续找找工作了[捂脸R]
IT还是当成兴趣了解吧，工作太难了！"
湾区码农 VS 国内大厂码农？,"就想问问现在这样帅的码农在湾区是什么水平？？
我觉得是天菜了吧，简直直击我的取向
开朗自信长得好/智商情商双在线
在湾区都很少看到这种高质量男性（不是贬义！
也可能跟我喜欢看脱口秀有关，有谁能拒绝庞博呢"
程序员编程时，戴耳机是在听什么？,"在我的感官中，程序员日常的一天，时间往往显的很碎片🧩化，他们很难找到一块较完整的时间用来安安静静的做自己想做的事。
	
如果终于发现有一块较完整的时间，没有人打扰，那像我的话，就会立即戴上耳机，耳机里放一些自己喜欢的音乐，然后全神贯注的投入工作中。
	
这个过程中，效率往往会出奇的高。
	
当戴上耳机后，周围嘈杂的喧闹声就会降低很多，这些声音也许是他人大声讨论问题争的面红耳赤的干架声，又或者是一些闲的蛋疼的人，聊天聊的起劲的嬉闹声。
	
反正不管怎么样，带上耳塞后，确实干扰声会降低很多，然后会让我更加聚精会神专注的做事。
	
那不知道，程序员的你，平时工作的时候，有没有戴耳机🎧的习惯呢？如果你也有戴耳机的习惯，又是处于什么目的呢？欢迎大家把各自的情况，在留言区输出，参与讨论哦……
	
OK，今天的分享先到这里，接下来分享四则我们可爱的知友对于这个问题的精彩答复（见贴图部分），一个比一个精彩，一定看到最后哦。"
作为一名程序员，35岁失业，找了四个月工作未果。其实想想，找到了又能继续干几年呢，理想一点三年后继续被裁，那时候又该如何面对呢，又该如何处理呢。这样的话，反而不是一个找工作而是找出路的问题了，未来的路在哪里，确实有点凌乱了,作为一名程序员，35岁失业，找了四个月工作未果。其实想想，找到了又能继续干几年呢，理想一点三年后继续被裁，那时候又该如何面对呢，又该如何处理呢。这样的话，反而不是一个找工作而是找出路的问题了，未来的路在哪里，确实有点凌乱了
程序员干6年退休vs事业编40年,"[皱眉R]一位大厂程序员吐槽，说事业编一年8万，吭哧吭哧干40年退休，到手也就320万。
[自拍R][自拍R]而他呢，程序员一年60万，6年就挣到360万，轻轻松松“退休”。
[害羞R][害羞R]好家伙，这直接灵魂发问：事业编再爽，能有程序员干六年退休爽？这帖子一出，评论区直接炸锅了，各路神仙纷纷下场开麦。
宝子们你们怎么看[吃瓜R][吃瓜R][吃瓜R]"
170/57kg OOTD，但我真的是个女程序员👩‍💻,"很多人问我是不是程序员👩‍💻
	
是是是是是是是！"
爆笑的程序员梗图！,"·
程序员可能还真笑不出来
·"
专属程序员的地狱级笑话🙏,"代码写不了一点，表情包倒是一大堆
什么时候看见这些梗图能不笑啊😥😥"
程序员的悲哀，是什么？,深有同感
被年薪70万加的程序员表白是什么体验？,被有房有车年薪70万加的算法工程师表白 ，我有点绷不住啦 ！
最顶尖的程序员是不是不屑写注释?,
今日程序员笑话，40元开发一个网站？！,"你永远想不到客户的预算有多低...
要求“前端使用vue+element开发一个pc端宠物网站和vue+vant开发一个移动端网站，类型是宠物网站的。客户预算40，不能谈了。”
你以为40是40k甚至40w，实际是40块[黑薯问号R]
他明明可以直接白嫖的，却还是给了你两份猪脚饭的钱，啊真的我哭死
也有人表示：“怎么不可以谈，30不行吗？”，兄弟，你够狠[捂脸R]"
从一线回成都之后找不到工作,本人22年211硕毕业后，进入大厂做客户端开发，工作两年被裁，5月份回到成都，gap两个月后开始准备找工作，到现在0 offer，成都大厂有岗的都面了，都是一轮游，小公司在boss沟通了好几十家，只有两家公司给面试机会，其他全部未读或者已读不回，不得不承认客户端岗位相较于其他开发岗位更少，自己也不是那种特别热爱技术的，现在在一个自我怀疑、自我否定的阶段，想问问在成都的程序员你们现在都是怎样的一个现状？另外，转行的话可以干些什么？不创业，拒绝破产
公司新来的Java后端，有点水……,以前是背八股文，现在是记背场景题，果然面试测不出来一个人的水平，一点都不影响你去敲代码，建议把面试想简单点，顺的场景题近期有面试的可以直接给，希望对大家面试有帮助，适合3年经验以上的
轻井泽it培训骗局，抖x程序员说日本,
程序员标配,程序员最爱格子衫 不是吗？
在日本学IT的人都后悔了？真相是…,"【讲个笑话：在日本学IT。
再讲一个笑话：学的是Al。】
这是我最近晒AI证书的时候
收到一条来自日本IP的评论[doge]
[叹气R]
这句话让我为某些日本IT人的固步自封感到惋惜。
是的，日本的IT确实在全球属于落后国
但原因远比大家想的复杂，
主要归咎于日本的“先进”管理体制。
在这种体制下，最优秀的人负责设计和制定计划，
其他人则如螺丝钉般，只需按部就班地执行。
再加上【年功序列】，年轻人想要出头难上加难
这种低工资低收益的情况下，进入这个行业的只有庸才
这可能也是这位日本IP的朋友说出这句充满怨气的话的理由之一——身边全是庸才，却只能和他们做同样的工作。
👉但，作为一个诺贝尔奖得主辈出的国家，日本也不是没出过顶级的程序员啊！例如：
【松本行弘】，Ruby编程语言的发明者
【田中邦裕】，开发著名的Linux内核调度算法
🐈
日本IT教育虽然有所滞后，但靠自己完全能学到全球顶尖的知识。
咱们作为中国人，更是可以接触大量国内的资源。
越来越发现，越是顶级的学习资料，越是开源的。
我所关注的大模型领域，主要信息来源其实全是来自谷歌、微软的论文。
特别是现在在日本，我用中、英、日三国语言进行学习，最大的困扰反而成了如何在大量资源中挑选最优质的课程了。[哇R]
其实，我之所以在工作中努力学习IT和AI，危机感是非常强的。原因有二：
📌【原因一：后发优势】
虽然日本在很多技术领域落后，但它有【后发优势】。通过外包和“拿来主义”，日本成功跳过了一些我们早期互联网发展中的中间环节。例如：
🔥DX化正在如火如荼地进行，前后端分离、Docker、AWS等技术已经成为常态。
🔥AI领域更是大胆突破，日本在版权法方面主动做出让步，为AI创新扫清了不少障碍，极大地促进了发展。
📌【原因二：基础教育的改革】
从2025年开始，计算机科目将正式纳入日本的大学入学考试，企业也在大力推动年轻人转向IT和AI行业。这意味着未来有能力的工程师将会越来越多，竞争也会愈加激烈。
✨所以，不要急着嘲笑日本IT的现状。我们能做的，就是不断提升自己，适应这个飞速变化的世界吧。"
上海女程序员的穿搭分享,终于是忙过了双十一，心情都好了
新西兰程序员比996还累,"996算什么？我的生活比你们累多了，还不能划水！
以十几年新西兰程序员的亲身经历来劝退想移民的程序员朋友们。"
这不妥妥就是现实版的李峋吗？,妈呀！！偶然刷到一个帅哥，以为他是做模特的，结果他居然是程序员？还是清华大学毕业的！！！之前在鹅厂上班，身高180+，中俄混血。之前看剧的时候看到男主我还在想，现实生活中怎么可能会有这么帅的程序员，还是省状元？？直到看到这个UP主！！！！！！条件几乎都符合了！！！对不起李峋，是我之前说话太大声了。
程序员薪资高吗？这大概是最真实的薪资情况,"[星R]关于程序员的薪资，一直都比较神秘。网上自媒体的数据也充满着问号。我作为一个C++程序员，从毕业的时候就对行业工资好奇，两年多来，我收集了身边遇到过的朋友的情况。
[星R]真相是程序员的薪资差距巨大，低的几千块也有，高的四五万甚至更高的也有。学历并非衡量薪资的标准，但高学历的薪资普遍会比低学历要高很多。不同方向的薪资均有高有低。但普遍会比其他行业要高一些。
[星R]目前本人正在进行“C++问题解答”。点赞，关注，评论“我要提问”，私信我，我会尽力为你回答问题。"
前端程序员是不是快没了？,
写代码真好玩，我下辈子还当程序员😭,"才五点我就码不动了，好想下班，今天离家时带的零食已经吃完了，我也没电了～🪫
	
昨天去健身房练了背，今天俩胳膊酸的抬不起来了，背上一点感觉都没有🙂‍↔️
	
看上去我还不能脱离教练啊🤔"
太真实了，程序员老婆VS非程序员老婆🤣,"✅闺蜜约会
🏸程序员老婆
闺蜜：亲爱的，晚上出去逛不，最近新开了一家超好吃的，馋死我了
本人：好啊，好久没逛街了
闺蜜：就咱俩哈，带家属好烦的
本人：放心，我家那个想带也带不了，经常加班
~
🏸非程序员老婆
闺蜜：亲爱的，晚上出去逛不，最近新开了一家超好吃的，馋死我了
本人：巧了，这会正和老公逛着呢，要不一起？
闺蜜：那就改天吧，我就不吃你俩的狗粮了
本人：哈哈，那后面找个时间约
·
✅男女问题
🏸程序员老婆：11点了，睡觉了，老公肯定是加班赶项目了
~
🏸非程序员老婆：11点了，还没回来，电话也不接，该不会...
·
✅日常外出
🏸程序员老婆：又背电脑啊，出去就没落下过
~
🏸非程序员老婆：宝贝走累了，要背背我才能好"
日本｜女程序员在宅生活,"在宅快四年了谁懂….
每天醒来开电脑睡个回笼觉，起床一杯咖啡，干活开会摸鱼再加上全天候撸猫，然后六点下班。
公司这几年找的现场都很稳定项目也都不错，搞的自己一点斗志都没有了，每天就是躺平摸鱼，甚至有点怀念刚来日本的时候最难的那两年[笑哭R]
不过想想好像是自从跳槽之后一切就都顺起来了，人生果然是不破不立。
欢迎各位小伙伴找我唠嗑，从大连来日本做it也有个六年多了，多少还是有一些了解的，🇯🇵it相关必定知无不言[大笑R]"
有1⃣️个程序员男友，是什么体验？,快来说说看
和程序员老公读了历史之后，狠狠升级了格局,"📖
今年我带着一群小伙伴一起读历史，其中有一位小伙伴的身份很特殊，就是：我的程序员老公，一个每天都和算法、代码、大数据打交道的男人。
	
🌻
过去一年，我大约读了40本左右的历史书，他读得比较慢，大约多了20本左右，读历史一年，我还是发现：历史深深地影响了他。
	
1⃣️缓解了他的“35岁焦虑”
	
30岁的他，今年想要读历史的原因很简单，因为他有35岁焦虑。
	
❗️❗️他们这个行业，更新换代很快，中年的焦虑感扑面而来。在读了几本历史人物传记之后，他意识到其实人的一生就是充满焦虑的一生，只是这个焦虑，有时候发生在20岁，有时候发生在35岁，有时候发生在50岁。
	
历史上没有一个成功的人是不焦虑的，和焦虑并存，共生，就是历史的馈赠。
	
2⃣️升级了他的对人生和事业的格局
	
处女座+理科生的身份，让他养成了一种“非黑即白”的价值观，眼睛里揉不进沙子，吃过很多亏。
	
但是浅浅读了一些《资治通鉴》和《史记》之后，他发现这个世界从来都不是非黑即白的，好人也有做错事的时候，坏人也有很有为的举动，不要用单一的价值观去评价历史人物和当下遇到的每个人。
	
3⃣️对当下的社会热点问题，有了更深的认知
	
以前他看到社会热点话题，看过也就看过了，不会思考这背后的逻辑。但是看了一些历史书之后，他开始尝试思考每件事情背后的本质。
	
✅因为读历史的过程中，当看到不同的时代，却在发生相同故事的时候，不胜唏嘘之外，他也会去思考：为什么会这样？有避免的可能性吗？深层的推动力是什么？每一次追问和搜索资料，就在潜移默化中，提升了他的认知和思考能力。
	
🌟读历史不是非得为了从里面得到什么，也不是只能以史为鉴，而是很容易提升人的认知视角，从而让平时看问题会变得相对周全。
	
4⃣️两个人有了许多共同话题
	
以前吃饭时看电视，我们都会看综艺节目换换脑子，现在都是历史类的纪录片；家庭背景音也有他喜欢的各种音乐，换成了各种历史类的听书节目，感觉他对历史的热爱更多。
	
我读历史的初心是觉得这块内容欠缺要补上；而男生一旦读历史，感觉是真的彻底投入，并且爱上，开始钻研。
	
🌈附：程序员老公很爱的8本历史书单👇👇
1.《万历十五年》
2.《曾国藩传》
3.《国之枭雄》
4.《雍正帝》
5.《显微镜下的大明》
6.《孔子大历史》
7.《唐代科举与文学》
8.《茶的国度：改变世界进程的中国茶》"
02度厂程序员|人生不过三万天，要活的尽兴,"“在感知爱的能力逐渐增强的过程中
我懂得
会为一件好事而流泪
是我的幸运” ​​​"
月薪4万程序员男朋友对我不抠对自己是真抠,"昨天晚上想吃零食，就让他买零食，小区西门的甘蔗20元一根，东门是18元一根，他打车到地铁口去买了绝味，离家一公里，走到西门问了一下20元一根的甘蔗觉得太贵就去东门买，绕了一大圈，因为上次买过我们知道那边便宜两块钱[捂脸R][捂脸R][捂脸R]，他觉得贵两块钱就心里不愿意。平时购物之后的好评券都会评论返现，以前我是根本不会管的觉得麻烦。自己也不怎么买衣服，很少给自己置办物件。
	
但是对我只要是我要吃要用的都会买，也舍得给我花钱，给我买礼物，带我去旅游，出去通通不会让我花钱，出去约会也会给我买很多小玩意，总之一切都能用心感受。
	
所以找男朋友就找程序员吧，挣的多花的少，还很忙没时间找其他女生，不用担心好暧昧。"
