title,description
学习 Python 爬虫 入门篇,Python 爬虫 利器 六 PyQuery 用法 四 爬虫 进阶 1 Python 爬虫 进阶 一之 爬虫 框架 概述 2 Python 爬虫 进阶 二 PySpider 框架 安装 配置 3 Python 爬虫 进阶 三 爬虫 框架 Scrapy 安装 配置
网上 Python 爬虫 教程 做 爬虫 少 爬虫 发展 该是,很多 人 学习 Python 进阶 都 写 几个 爬虫 最终 做 爬虫 人 却 少 是因为 真的 别人 说 爬虫 真的 没 技术含量 爬虫 反 爬 提升 做 爬虫 代价 越来越 高 难以 成本 还 希望 谈一谈 爬虫 发展 该是 双赢 请 指教
入门 Python 爬虫,争论 说 先 懂 python 学会 python 做 爬虫 事实上 做 爬虫 过程 中 学习 python D 很多 答案 都 讲 术 软件 爬
写 Python 爬虫,看 完 简明 教程 笨办法 学 python 想 写 爬虫 无从 做起 看 书
速成 python 网络 爬虫 后 明白 一个 道理,网址 图片下载 本地 与其说是 教 网络 爬虫 不如说是 教 Python 进一步 查阅 资料 发现 现实意义 下 爬虫 远 简单 常见 爬虫 搜索引擎 爬虫 承担 海量 点击 搜索 下 信息 爬取 页面 呈现
零 基础 学 爬虫 技术,互联网 企业 做 市场 分析 或许 数据 VBA 写 代码 等同于 零 基础 想要 从头开始 自学 爬虫 技术 步骤 资源
一份 Python 爬虫 电子书,Python 爬虫 现如今 越来越 吃香 随意 打开 一个 招聘 网站 薪资 水平 来看 入门 爬虫 工程师 都 拿到 15k 爬虫 架构 相关 都 拿到 30k 理由 去 拒绝 爬虫
爬虫 爬 数据,比如说 一个 网站 里 注册 会员 手机号码
Python 爬虫 C,20 年前 c 写 爬虫 还 维护 只会 c 做 通用型 整站 爬虫 不 通用 调用 js 都 c 单 站点 爬 上 亿 url 想 说 c 写 爬虫 编程 水平 很大 提高
写 爬虫 爬取 阿里巴巴 数据 高匿 代理 ip 会 识别,实习 领导 爬 取 阿里巴巴 供应商 数据 刚 目标 爬取 阿里巴巴 1688com 电脑 端的 数据 发现 模拟 登陆 很 麻烦 短信 验证 登录 输入 验证码 换成 爬取 阿里巴巴 1688com 端的 数据 不 登录 访问 频繁 会 返回 重定向 页面 404 阿里巴巴 换 代理 ip 不行 这是 有没有 成功 爬取 阿里巴巴 项目 借鉴
见 令 瞠目结舌 爬虫 技巧,瞠目结舌 系列 httpwwwzhihucomquestion38241342
会 网络 爬虫 干什么,1 别人 网站 上 数据 放到 家 公司 网站 上 小说网 别家 小说 爬下来 放 网站 上 抢票 飞机票 信息 官网 数据 放 网站 上 2 取数 做 分析
写 一段 爬虫 效果 极佳 公司 200 多人 抓,写 一段 爬虫 批量 网上 一个 接口 抓取 数据 爬虫 开发 完后 测试 小明 程序 上 传到 公司 服务器程序 运行 一段时间 后 也许 新 需求 也许 小明 想 爬虫 程序 进一步 优化 爬虫 线程 数
Python 3 网络 爬虫 学习 建议,如题 题主 python 熟悉 numpy scipymatplotlib 三个 包都 做 科研 心血来潮 写 几个 机器 学习 算法 想 去 网站 爬 东西 玩玩 会想 接到 还 没 写 完 自动 交易 程序 里 雏形 很长 路 走 办公室 琢磨 下午 发现 网络 爬虫 大坑 现阶段 scrapy 不 适合 python3 学习 requests beautifulsoup 这俩 包 想 请教 网络 爬虫 一块 行家 有没有 推荐 看 教程 教学 博客 真的 想 这块 仔细 学习 先谢
Python 爬虫 很少 有人 爬 QQ 空间,未 发现 bug 上 效果图 服务器 地址 QQ 空间 在线 爬虫 网抑 云版 地址 QQ 空间 在线 爬虫 网抑 云版 地址 二 1 运行 数据 不 是因为 腾讯 服务器 压力 大
资源 整理 32 Python 爬虫 项目 吃 撑,WechatSogou 1 微信 公众 号 爬虫 基于 搜狗 微信 搜索 微信 公众 号 爬虫 接口 扩展 成 基于 搜狗 搜索 爬虫 返回 列表 每一项 均 公众 号 信息 字典
爬虫 工程师 劝退 文,前言 本文 无 源码 聊聊 爬虫 工程师 终将 逝去 青春 此刻 正 坐在 工位 上 看着 面前 网站 爬虫 代码 陷入 回忆 缘起 写 XX 网 爬虫 爬 个人资料
利用 爬虫 技术 很酷 很 有趣 很 有用 事情,学习 python 爬虫 大神 都 会 爬虫 做 有趣 事情 想 玩玩 爬虫 提 跟着 YouTube 上 一个 tutor 写 简单 程序 爬 一点 豆瓣 数据 用到 request bs4BeautifulSoup 模块 简陋 毕竟 人生 中 第一 只 爬虫 以示 纪念 代码 写 博客 里 httpbaimozme379
爬虫 工程师 劝退 文,前言 本文 无 源码 聊聊 爬虫 工程师 终将 逝去 青春 此刻 正 坐在 工位 上 看着 面前 网站 爬虫 代码 陷入 回忆 缘起 写 XX 网 爬虫 爬 个人资料
淘宝网 屏蔽 百度 爬虫,淘宝网 屏蔽 百度 爬虫 屏蔽 爬虫 去年 一年 时间 无聊 做 爬虫 爬 各大 网站 爬 奇奇怪怪 网站 发现 各种各样 奇怪 网站 域名
菜鸟 学习 网络 爬虫 最佳 路线,一名 快要 升 大三 在校学生
python 爬虫 自学 学 多久,爬虫 入门 基本上 一两周 做出 实用 爬虫 顶尖高手 很难 爬虫 知识 更是 网络 知识 黑客技术
大学生 自学 Python 爬虫,读 崔庆才 写 Python3 网络 爬虫 实战 写 较为 详细 涵盖 各类 基础 操作 三 爬虫 工作 当初 2018 年 我学 完 确实 尝试 找 一份 爬虫 相关 工作 类型 工作 确实 不
爬虫 非要 python C语言 CC java 不行,爬虫 非要 python C语言 CC java 不行
零 基础 学 爬虫 大概 多久,非 计算机专业 编程 不 懂 是因为 毕业论文 想 爬虫 专业 市场营销 理论 创新 不太 老师 建议 学 爬虫 方法 创新 题目 网络 上爬 数据 到时候 再 分析 感觉 不 学 太 水准 大概 多久 瞅 瞅 还 来得及 开题 不
爬虫 高手,实操 很 厉害
爬虫 技术 赚钱,题主 不 爬虫 技术 水平 写出 运行 爬虫 不 问 做 四年 爬虫 副业 大大小小 做 近 百个 项目 问 答 一波
才能 爬虫 入门 入狱,怕 不知不觉 第四种 做 爬虫 一个 词 爬虫 道德 做 爬虫 目标 网站 压力 介绍 爬虫 违法 情况 爬虫 会 违反 法律 条款 1
放弃 手写 爬虫 试试 WebScraper 爬虫 插件 WebScraper 入门 精通,看 这幅 图 爬虫 大致 专业 网络 爬虫 百度 谷歌 爬虫 节约资源 时间 设计 爬虫 基于 分布式 集群 构建
爬虫 基本原理,这篇 基础 上 抓取 多页 代码 设计 改进 看 三篇 续篇 爬虫 代码 改进 爬虫 代码 改进 二 爬虫 代码 改进 三 专栏 信息 专栏 主页 python 编程 专栏 目录 目录 爬虫 目录 爬虫 系列 目录 版本
有趣 反 爬虫 手段,爬虫 反 爬虫 斗争 从未 停止 反 爬虫 程序员 爬虫 程序员 做 斗争 都 见 有趣 反 爬虫 手段 反 爬虫 角度 想 手段 才能 增加 爬虫 难度
想要 python 做 爬虫 scrapy 框架 requests bs4 等库,想要 pythonpython3 一个 爬虫 需求 参考 网上 资料 发现 两种 待选 方案 1 scrapy 框架 都 说 框架 功能强大 简单 不 兼容 python32 requests bs4 库来 相比 方案 多写 好多 代码 性能 开源 框架 学习 python3 好多 人 说 python3 才 趋势 学习 python2 采用 方案 一会 scrapy python3 支持 好 scrapy 官 网上 说 python3 支持 中 不 希望 熟悉 人 回答 scrapy python3 支持 到底 采用 方案 二 想 问 想要 利用 requests bs4 等库 一个 简单 版 scrapy 困难 大 学习 东西
快速 自学 爬虫,大概 花 一周 2python 爬虫 开发 入门 实践 大概 两周 跟着 做 爬虫 案例 勤 百度 Google 一个月 自信 做出 很多 简单 爬虫
触犯 法律 编写 爬虫 几点 建议,写 爬虫 小伙伴 爬虫 爽 爬 直爽 爬虫 触犯 法律 承担责任 爬虫 才 算是 爬虫 法律条文 研究 不 明白
防 爬虫,高手 防 爬虫 有没有 开源 项目 专做防 爬虫
网络 爬虫 合法,分 两种 情况 开发 一款 网络 爬虫 软件 款 软件 批量 下载 网站 视频 图片 文本 软件 分发 上架 商店 放在 网站 上供 别人 下载 2 下载 某款 网络 爬虫 软件 抓取 网站 上 内容 两种 合法
想要 python 做 爬虫 scrapy 框架 requests bs4 等库,想要 pythonpython3 一个 爬虫 需求 参考 网上 资料 发现 两种 待选 方案 1 scrapy 框架 都 说 框架 功能强大 简单 不 兼容 python32 requests bs4 库来 相比 方案 多写 好多 代码 性能 开源 框架 学习 python3 好多 人 说 python3 才 趋势 学习 python2 采用 方案 一会 scrapy python3 支持 好 scrapy 官 网上 说 python3 支持 中 不 希望 熟悉 人 回答 scrapy python3 支持 到底 采用 方案 二 想 问 想要 利用 requests bs4 等库 一个 简单 版 scrapy 困难 大 学习 东西
网络 爬虫 合法,分 两种 情况 开发 一款 网络 爬虫 软件 款 软件 批量 下载 网站 视频 图片 文本 软件 分发 上架 商店 放在 网站 上供 别人 下载 2 下载 某款 网络 爬虫 软件 抓取 网站 上 内容 两种 合法
大学生 python 爬虫 赚 钱,爬 别人 数据 盈利 违规 淘宝 店铺 都 下场 卷 业务 欺负 没吃过 亏 大学生
爬虫 老板 进 监狱,App 内 用手 收全 获取 信息 爬虫 无关 爬虫 竟然 用来 暴力破解 密码 抱歉 超过 爬虫 范畴 想 写 篇文章 转载 篇文章 作者 媒体 解释一下 爬虫 定义 网络 爬虫 英语
防 爬虫,高手 防 爬虫 有没有 开源 项目 专做防 爬虫
一个 简单 爬虫 入门教程,光是 入门 花 一周 不 从何下手 所幸 爬虫 不难 见 能会用 写个 文章 爬虫 分享 完善 自学 爬虫 推荐 崔庆才 网络 爬虫 开发 实战 需求 我要 爬 取雪 球网 股票 评论 信息 如图
爬虫 违法,1 爬取 公开 信息 新浪 微博微信 公众 号 新闻资讯 2 爬取 数据 用于 商业 舆情 监控 商业 分析 获取 商业利润 3 购买 黑产 账号 黑产 新浪 微博 账号 黑产 微信 账号 代理 爬虫
利用 爬虫 技术 做 兼职,爬虫 技术 程度 赚钱 途径 找到 类似 兼职 有没有 在校生 大神 现身说法 分享 经验 小女子 刚刚 皮毛 中 皮毛 多谢
听说 好不容易 写 爬虫 没 抓 几个 封,近来 知乎 上 雨后春笋 般 出 大把大把 爬虫 教程 这是 好事 学了 Python 基础 同学 很 轻松 搜出 练手 例子 针对 说 网上 绝大多数 爬虫 教程 都 缺乏 可操作性
爬虫,爬虫 一个 死皮赖脸 油腻 男傍着 12306 如花似玉 小姑娘 死活 不 撒手 爬虫 美女 有票 12306 滚 几秒钟 过后 爬虫 美女 有票
抵触 爬虫,几天 刷 知乎 发现 爬虫 教程 实战 雨后春笋 疯狂 涌现 但据 爬虫 技术 几年 前 更 早 爬虫 本身 技术 天花板 多高 热门 知乎 大 V 技术 大 V 回答 专栏 中 爬虫 评价 不 友好 厌恶 爬虫 厌恶 技术 捧 风口浪尖 题主 简单 操作 爬虫 经验 爬虫 风口浪尖 上 想到 会 使 互联网 公司 加大 反 爬虫 力度 有没有 禁止 爬虫 希望 不吝赐教 非常感谢 看 答案 先要 一个 答题 说 一声 谢谢 大部分 答案 都 爬虫 热门 现象 个人见解 题主 算 一个 会 写 小爬虫 pythoner 入门教程 稍 好 一点点 ಥ _ ಥ 很 好奇 爬虫 热门 进阶 教程 却 非常少 多人 吐 槽 入门 爬虫 水 极少 有人 去 写 不水 爬虫 教程
学习 爬虫,学习 爬虫 人 越来越 多反 爬虫 技术 越来越 先进 很多 网站 都 爬虫 新手 小白 来说 学习 爬虫
高级 爬虫 工程师,想起 写 爬虫 已 一年 零 30 天 来到 北京 找 工作 爬虫 零 基础 http 协议 都 不 经历 urllibrequestsmechanize 抓取 网站
请问 大神 python 爬虫 能当 副业 层次 才能 接 兼职,上班族 一名 晚上 周末 空闲 无奈 工资 单薄 想 找 一份 副业 增加收入 知乎 上 很多 大神 说 python 爬虫 入门 一单 工作 不费 很多 时间 工资 还
爬虫 究竟 合法 违法,一个 爬虫 技术 获取 数据 信息 合法
学习 爬虫 做,还 公司 都 爬虫 职位 2 日常 工作 数据 爬虫 获取 减少 时间 成本 3 做 兼职 挣 外快 4 经营 一个 爬虫 公众 号
应对 网站 反 爬虫 策略 高效 爬 数据,大型 网站 会 反 爬虫 策略 爬 淘宝 评论 后 很快 会 封 大概 短时间 爬 太 好 策略 代理 感觉 代理 稳定
爬虫 学到 程度 去 找 工作,很多 朋友 问 自学 爬虫 学到 程度 去 找 工作 篇文章 会 说 说 心得 体验 爬虫 工作 仅供参考 学到 种 程度 暂且 目标 定位 初级 爬虫 工程师 简单 列
爬虫 学到 程度 去 找 工作,很多 朋友 问 自学 爬虫 学到 程度 去 找 工作 篇文章 会 说 说 心得 体验 爬虫 工作 仅供参考 学到 种 程度 暂且 目标 定位 初级 爬虫 工程师 简单 列
做 一个 简单 爬虫,大牛 笑 目标 1 python 2 入门 爬虫 3 做 一个 简单 爬虫 1 网上 下载 动手 写 网络 爬虫 资源 挑 有用 地方 第一 单元 不 牵扯 代码 解析 东西
非 科班 学 爬虫 多久,编程 基础 python 熟悉 剑 指 offer 一大半 都 刷 华为 机考 基础 之下 入门 爬虫 多久
Python 爬虫 违法 告诉 守住 规则 大胆 去 爬,定义 善意 爬虫 抢票 软件 爬虫 12306 每秒钟 恨不得 撸 几万 次铁 总 不 很 开心 定义 恶意 爬虫 爬虫 带来 风险 体现 3
PHP Python Nodejs 适合 写 爬虫,1 页面 解析 能力 2 数据库 操作能力 mysql3 爬取 效率 4 代码 量 推荐 语言 时 需 类库 框架 谢谢 pythonMySQLdburllib2reps 不 太 喜欢 python windows 平台 原因 转 字符 编码 多线程 貌似 很 鸡肋
在校 大学生 python 爬虫 一个月 赚 3000,在校 大学生 python 爬虫 一个月 赚 3000 工作 多长时间 赚 钱 自学 多长时间 水平
科普 爬虫,获取 一个 网页 信息 会 网页 上 URL 再 URL 获取信息 称为 爬虫 爬虫 分类 爬虫 之间 大致 分为 几类 通用 爬虫 类 爬虫 目标 几个 URL 扩展 网络 用于 搜索引擎 Web 服务提供商 采集 数据
常见 反 爬虫 应对 方法,0x01 常见 反 爬虫 几天 爬 一个 网站 网站 做 很多 反 爬虫 工作 爬起来 艰难 花 时间 才 绕过 反 爬虫 写 爬虫 反 爬虫 策略 应对 方法
爬虫 实质,设置 条件 爬虫 程序 收集 电影 信息 存储 分析 流行 电影 趋势 爬虫 一个 简单 例子 实际上 爬虫 还 很多 场景
不 scrapy 从头 编写 爬虫 系统,题主 公司 爬虫 搭建 感觉 scrapy 做 比较简单 下载 解决 调度 想 问下 看法
优秀 爬虫 工程师 不用 requests,优秀 爬虫 工程师 不用 requests 看 优秀 女孩 性生活 一文 深思熟虑 女朋友 激烈 讨论 一番 写 一篇 文章 赞同 情感
Python 爬虫 发展前景,自然 教程 越多 2 做 爬虫 少 业务 上 爬虫 需求 不少 专职 做 爬虫 却 不 基础 爬虫 简单 开发 都 很 短时间 学习 胜任 简单 爬虫 身边 不少 朋友
爬虫 工程师 出路,同事 聊天 说 做 爬虫 只 会 工具 数据 查阅 资料 发现 八爪 鱼 这类 软件 好像 很 成熟 学习 逻辑 编程语言 学习 工具 不 好
C 爬虫 谈起,大型 企业 网络 爬虫 性能 极其 能力 造 一个 不错 轮子 导致 C 开发 爬虫 更 C 爬虫 底层 探索 仍 借鉴 重点
为啥 很多 爬虫 工程师 都 不 做 爬虫,再 一看 工资 还 没过 10k 挂羊头卖狗肉 招聘 爬虫 岗 去 去 做 服务 说白了 感觉 互联网 爬虫 招聘 这块 人事 反思 看 公司 写 粘 复制 黏贴
见 爬虫 境界,何种 编程语言 只求 境界
百行 代码 简单 Python 分布式 爬虫,查询 爬虫 计算机网络 搞 爬虫 人 问 最 会 分布式 爬虫 人 感觉 分布式 爬虫 都 不好意思 说 搞 爬虫 分布式 爬虫 原理 比较简单
Python 爬虫 数学 多高,刚 学习 爬虫 感觉 挺 有意思 担心 数学 太高
Python 爬虫 数学 多高,刚 学习 爬虫 感觉 挺 有意思 担心 数学 太高
说 说 分布式 爬虫,分布式 数据 不大 数据 爬虫 电脑 运行 单机 爬虫 分布式 爬虫 说白了 爬虫 关键 功能 刚 说 分布式 形式 部署 多台 机器 上 盘 爬
爬虫 到底 难,优雅 爬虫 获取 内容 后 试图 解析 会 糟糕 html 气坏 唾弃 开发 页面 人 不 规范 偷懒 冗余 代码 框架 嵌套 页面 pagespeed 优化 概念
利用 python 学习 爬虫,Python 做 爬虫 很 简单 一个 小 案例 详细 介绍 Python 爬虫 用法 借助 Python 工具 爬取 王者 荣耀 英雄人物 头像图片 Python 爬虫 爬取 网页 图片 分为 四步
python 爬虫 入门,使 服务器 识别 客户 操作系统 版本 浏览器 版本 信息 做 爬虫 时 加上 信息 伪装 浏览器 不加 很 会 识别 出为 爬虫 方法 很 简单 打开 浏览器 输入
Python 爬虫 极简 入门,本文 介绍 Python 写 一只 简单 爬虫 入门篇 程序 很 至少 讲明 爬虫 东西 写 一个 爬虫 程序 很 简单 整体 来看 只 需 3 步 发起 网络 请求
网络 爬虫,网络 爬虫 比喻 一个 电脑 程序 模拟 人去 浏览 互联网 网页 获取 指定 内容 信息 开发者 编程 告诉 去 干什么 技术 门槛 网站 数据 抓取 工具
入门 C 爬虫,几天 刚 学着 写 爬虫 搞 将近 三个 礼拜 算 心得 内容 错误 请大牛们 指出 做 C 爬虫 1 弄懂 爬虫 工作 原理 爬虫 模拟 浏览器 获取 网站 数据
Python 爬虫 火 相比 Java 爬虫 优势,写过 java 爬虫 python 爬虫 对比 两点 区别 1python requests 库比 java jsoup 简单 2python 代码 简洁 美观 上 手
python 爬虫 通俗 点 讲,世界 上 80 爬虫 基于 Python 开发 学好 爬虫 技能 后续 大 数据分析 挖掘 机器 学习 提供 数据源 爬虫 网络 爬虫 称为 网页 蜘蛛 网络 机器人
爬虫 失控 CTO 程序员 双双 判刑,包括 房产 所处 位置 楼宇 编号 房间 编号 信息 约 2905 万条 程序员 电脑 上 检测 出 爬虫 程序 源代码 IP地址 XXXX 服务器 检出 爬虫 程序 两个 爬虫 软件程序 均 遍历 查询 方式 短时间 目标 网址 URL 地址
爬虫 做 有趣 事,爬虫 做 很多 有趣 事 譬如 爬取 房屋中介 数据 分析 找到 性价比 高 房子 爬取 优质 基金 FOF 成分 数据 协助 自我 财富 管理 爬取 电商 网站
小白该 懂 Python 爬虫 工作 流程,聊到 Python 爬虫 工作 流程 好 不 说 场景 网络 爬虫 分为 通用 爬虫 传统 爬虫 聚焦 爬虫 两种 通用 爬虫 捜 索 引擎 抓取 系统 BaiduGoogleYahoo 组成部分
半个 月 Python 爬虫 做 一个 开源 搜索引擎,httpsearchmtianyancn 后 端 爬虫 还 持续 爬取 数据 中 后 端的 数据 来源 爬虫 采用 Scrapy 框架 伯乐 在线 国内 知名 问答 网站
数据 爬虫 R 语言 爬虫 实战,rvest 提供数据 存储 函数 三个 函数 简单 网络 爬虫 前 两个 过程 链家 杭州 二手房 网页 为例 利用 rvest 构建 一个 简单 爬虫 流程 链家 杭州 二手房 网页 加载 需 包
爬虫 很难,抓 数据 真的 很难
爬虫 原理 流程,自动 抓取 下载 网络资源 计算机程序 自动化 脚本 最 常见 用途 利用 爬虫 收集 数据 刷 流量 秒杀 抢购 活动 网络 爬虫 流程 大致 图 所示 包含 URL 队列 模块 页面 内容 获取 模块 页面 解析 模块 数据 存储模块 URL 过滤 模块
学习 爬虫 地步 才能 接单,学习 半个 月 Python 爬虫 会 Requests 库 bs4xpathre 学习 selenium 加过 爬虫 群看 群主 发 消息 简单 感觉 做 比如说 爬取 评论 爬取 推荐 害怕 做 不到 希望 分享 接 爬虫 单 经历 交 数据 不 明白 水平 做 简单 爬虫 单 不 明白 爬虫 单 数据 交付
爬虫 族 相处 一种 体验,人类 爬虫 族 相处 两个 模式 一是 一个 人类 肉体 A 爬虫 族 operator 操纵 人类 B 一群 爬虫 族 打交道 二是 一群 人类 肉体 一个 爬虫 族 操纵 相当于 一个 人 一个 爬虫 族 打交道
爬虫 工程师 将来 会 失业,智能 爬虫 兴起 0 编程 基础 获取 开放 数据 将来 爬虫 工程师 会 失业
Python 爬虫 面试 简历,分享 爬虫 简历 仅供参考 技术 有限 简历 技能 点逼格 很 高 提到 很多 爬虫 常用 技术 都 写入 简历 这份 简历 找 工作 2 天 预约 8 家 面试 面 第二天
爬虫 进阶,情况 学生 党 学习 爬虫 一年 余 自认 基础 还行 requestsrelxmlseleniumsrcapy 等库 都 会 分析 简单 xhr 文件 发现 很多 网站 内容 爬 不 学抓 包学 加密 毫无 方向
思考 想 写个 爬虫 到底 要学 东西,写 好像 写 js 爬虫 兴趣 爬虫 高级 些 反 爬 好像 免费 完整 教程 自学 考验 底蕴 非 计算机相关 专业 弱 前端开发 很快 上 手 爬虫
需求 大 java 爬虫 岗位 学习 资源 却 python 爬虫 少得,学 java 爬虫 震惊 学习 资源 匮乏 只能 别人 github 代码 里边 猜边学 python 爬虫 教程 貌似 视频 一大堆 去 拉勾 网站 看 爬虫 工程师 岗位 貌似 java 需求 不小 学习 资源 上 二者 会 大 差距
爬虫 Nodejs 更好,玩 爬虫 爬 httpxxxid 抓 一个 网页 超链接 再 抓 那种 Nodejs 天生 异步 特性 适合 循环 爬虫 Python 下 异步 多线程 方法 Nodejs 还 不太熟悉 我用 Nodejs 简单 捣鼓 发现 爬出来 中会 漏掉 id 本来 数据 爬虫 没 爬 求 指点
想 自学 python 爬虫 建议 买 书,python 基础
开发 爬虫 都 爬虫 框架,开发 爬虫 都 爬虫 框架 自带 防 屏蔽 机制
javascript 前端 做 爬虫,具备 JavaScript 语言 能力 想 做 爬虫 还行 想 限定 浏览器 环境 内 做 爬虫 爬虫 简单 理解 发出 HTTP 请求 保存 返回 Response 简陋 爬虫 查 做 请求 保存
爬虫 工程师 将来 会 失业,智能 爬虫 兴起 0 编程 基础 获取 开放 数据 将来 爬虫 工程师 会 失业
做 Python 爬虫 工程师 压力,爬虫 需求 蛮 难度 越来越 大 做 Python 爬虫 工程师 面临 压力 来自 几个 从大到 小 来说 1 技术 挑战 爬虫 工程师 寻找 应对 目标 网站 内容 规律性 改变
软件 爬虫 好 编程 写 爬虫 好,java 基础 想 学习 上网 爬 资料 学习 爬虫 好 找 软件 爬
Java 写 一个 爬虫,HttpClient 类下 方法 效果 不 理想 想 问问 好 方法
很少 人 讨论 java 爬虫,爬虫 最多 Python nodejs java 爬虫 库 很多 质量 好 很多 都 大神 主导 做 搜索引擎 都 一整套 成熟 系统 奈何 java 成本 高 数据 时时 变
python requests 库 还 编写 爬虫,selenium 就算 廉颇老矣 提个 另类 开发 特别 快 爬虫 方案 油猴 js 写 爬虫 归根到底 逃不开 js 写 一个 例子 感兴趣 参考
python 爬虫 通俗 点 讲,世界 上 80 爬虫 基于 Python 开发 学好 爬虫 技能 后续 大 数据分析 挖掘 机器 学习 提供 数据源 爬虫 网络 爬虫 称为 网页 蜘蛛 网络 机器人
爬虫 失控 CTO 程序员 双双 判刑,包括 房产 所处 位置 楼宇 编号 房间 编号 信息 约 2905 万条 程序员 电脑 上 检测 出 爬虫 程序 源代码 IP地址 XXXX 服务器 检出 爬虫 程序 两个 爬虫 软件程序 均 遍历 查询 方式 短时间 目标 网址 URL 地址
推荐 18 Python 爬虫 实战 案例,粉丝 问 学习 爬虫 书籍 推荐 看 完 几本 足够 速读 精读 项目 实战 操作 整理 好 新手 友好 Python 爬虫 书单 入门 超车
实用 数据挖掘 傻瓜式 爬虫 工具,1 数据 来源 尽量 2 无 编程 基础 可用 35188 网站 不用 推荐
网络 爬虫 功能,爬虫 目的 收集 数据 各大 电商 商品信息 仅仅 数据 获取 多大 价值 数据分析 数据 简单 模型 展示 用户 用户 更 高效 做 各类 决策 才 价值
优化 Python 爬虫 速度,写 一个 Python 爬虫 单线程 urllib 感觉 过于 慢 达 不到 数据量 十万 级 页面 求问 提高 爬取 效率 方法
实用 数据挖掘 傻瓜式 爬虫 工具,1 数据 来源 尽量 2 无 编程 基础 可用 35188 网站 不用 推荐
本人 python 爬虫 四年 有余 风声 越来越 紧 大厂 反 爬 越来越 难 心累 想 问下 转 方向 好,谜底 不 谜面 上 转换 阵营 去 做 反 爬 看 爬虫 工作 4 年 JS 逆向 app 逆向 爬虫 工程师 核心 技能 想必 熟练 精通 AST
想学 python 爬虫 有没有 推荐 书籍,python 网络 爬虫 权威 指南 入门 爬虫 本书 书中 python3 讲解 爬虫 书中 反 爬 内容 少 建议 搭配 这本 讲解 反 爬虫 书 学
请问 爬虫 软件 推荐,每次 写 代码 真的 麻烦 好 爬虫 软件 推荐 谢谢
大佬 解释 下 基础 爬虫 selenium 抓包 之间 区别,理解 一个 最 网站 静态 网站 基础 爬虫 解决 JS 加载 网站 先 加载 再 访问 抓包 数据 api 传入 网页 拦截 提取
想 请问 Python 爬虫 提升,好 毕业 生物 公司 一年 做 爬虫 公司 爬 取 数据 非常少 很 简单 换 工作 面试 不行 打击 很惨 一个 爬 取 数据量 很少 一个 做 都 很 简单 竞争力 想 问问 提升 哪些方面 技能 基础 还 不错 高级 点 少 迷茫 大佬 说 说 专业 做 爬虫 日常 工作 技能 谢谢
网络 爬虫 作用,人工 收集 数据 问卷调查 爬虫 概念 模拟 浏览器 发送 网络 请求 接收 请求 响应 爬虫 用途 12306 抢票 网络 投票 爬虫 分类 分为 通用 爬虫 搜索引擎 聚焦 爬虫 12306 抢票
都 自学 Python 爬虫,Python 从头开始 学习 下手 好
学习 Python 爬虫,高效 爬虫
免费 网络 爬虫 软件,金融 从业人员 想 网页 上爬 些 数据 保存 成 格式 做下 分析 自用 不 爬下来 数据 格式 想 问 爬虫 找 专业 人士 写 之外 公司 提供 一个 爬虫 软件 专供 业余 人士 也许 问 很 业余 专业人士 勿 笑
Java 写 一个 爬虫,HttpClient 类下 方法 效果 不 理想 想 问问 好 方法
python 爬虫 学习心得,爬虫 新手 一枚 工作 原因 学习 相关 东西 发表 下 段时间 学习 心得 说 不 地方 指指点点 爬虫 学习 爬虫 只 爬虫 有个 概念性 服务器发送 请求 获取 服务器 传回 信息
网络 爬虫 功能,爬虫 目的 收集 数据 各大 电商 商品信息 仅仅 数据 获取 多大 价值 数据分析 数据 简单 模型 展示 用户 用户 更 高效 做 各类 决策 才 价值
Python 爬虫 还 干什么,requests selenium scrapy 框架 刚学 Python 简单 爬虫 会 写 发呆 想到 爬虫 抢票 爬虫 还 干嘛
不 推荐 Selenium 写 爬虫,原文 原文 不 推荐 Selenium 写 爬虫 群里 会 朋友 说 Selenium 去 采集 网站 内心 很 难受 要用 Selenium
抓包 爬虫 解释一下,抓包 对方 过程 爬虫 对方 后 模拟 请求 获取数据 工具 相辅相成 只 抓 包不写 爬虫 像是 一个 文件 打开 只能 看 不 抓 包 写 爬虫 像是 蒙着 眼睛 找 东西
爬虫 常见 面试 解答,找 实习 过程 中 面试 几家 爬虫 工程师 职位 BOSS 直聘 爬虫 经历 分享 面试 中 爬虫 基础知识
反 爬虫 机制 数据 爬 取,爬虫 反 爬虫 手段 到底 更 高明 都 厉害 爬虫 手段
爬虫 单子,有人 想要 接 爬虫 单子 不 简单 反 爬 网站 爬取 数据 价格 200250 之间 提供 自写 爬虫 模块 省 很多 事 本人 会 爬虫 东西 都 沟通 需求
反 爬虫 机制 数据 爬 取,爬虫 反 爬虫 手段 到底 更 高明 都 厉害 爬虫 手段
爬虫 单子,有人 想要 接 爬虫 单子 不 简单 反 爬 网站 爬取 数据 价格 200250 之间 提供 自写 爬虫 模块 省 很多 事 本人 会 爬虫 东西 都 沟通 需求
爬虫 必备 requests,几个 知乎 上 朋友 私信 问 爬虫 爬取 数据 介绍 一个 Python HTTP 库 requestsRequests 一个 基于 Apache2 协议 开源 Python
提高 爬虫 效率 多线程,推送 中 虎 扑 火箭 专区 100 页 标题 爬虫 用时 30 秒 一篇 目的 提高 爬虫 效率 缩短 用时 多线程 太过 理论 东西 不想 讲 公众 号 定位 实用主义
浏览器 js 做 爬虫,java 做 微信 机器人 想 改写 成 js 版本 本人 js 有没有 大佬 告知 可行 会 跨域
通俗 讲 网络 爬虫 到底,没 新 内容 原创 爬虫 最 喜欢 原创 内容 很多 人 钻 漏洞 随便 复制 点 无关 字词 随意 拼接 弄 一篇 天书 糊弄 爬虫 爬虫 更新换代 手段 没 原始
做 爬虫 工程师 路会 越来越 窄,毕业 三年 找 工作 一份 爬虫 工程师 java 工程师 职位 摆在 面前 不 选择 java 将来 路 更 宽 爬虫 路 更 窄 想 做 爬虫 java 更 稳妥 好难 选择
新手 小白 做 python 爬虫 爬 网站 比较简单,求求 爬 豆瓣 知乎 妹子 图 别人 都 爬 受不了 改反 爬 机制 改 页面 结构 改了 还要 搞 建议 爬 老 热门 新闻资讯 网站 新浪网 易 腾讯 新闻
爬虫 登录 获取 cookie 会 难点,小弟 很多 技术 概念 上 认知 工作 弄 爬虫 不设防 数据 爬起来 登录 网站 一个 突破 不了 知乎 csdn 简书 都 失败 会 验证码 csrftoken 加上 设置 request header 浏览器 登录 不了 都 403 跪求 大佬 教育
遵循 Robot 协议 爬虫 行业 还,如题 Robot 协议 严格遵守 爬 数据 实在 太多
好 爬虫 软件,看 网上 好多 爬虫 软件 学习 成本 太高 采集 精度 却 很 低 希望 好 爬虫 软件 推荐 万分 感谢
好 python3 爬虫 入门教程 书籍,我想 学用 python34 写 爬虫 好多 教程 都 27 3x 特别 不 详细 求 推荐 几个 好 教程 不胜感激
设计 一款 轻量级 爬虫 框架,几个 例子 运行 网络 爬虫 爬虫 介绍 爬虫 爬虫 框架 设计 爬虫 爬虫 一只 生活 泥土 里 小虫子 网络 爬虫 web crawler
Python 网络 爬虫 课程 值得 推荐,不错 喜欢 老师 讲课 风格 2021 自学 爬虫 全套 学完 可接 项目 无私 分享 _ 哔哩 哔哩 _ bilibili 爬虫 逆向 解析 实战 项目 合集 js 逆向 https 加密 算
学习 Python 爬虫 爬 网站,想 找 网站 练练手 合法 学习 Python 入门 入狱
Nodejs 最 适合 写 简易 小爬虫 语言 速度 极快 代码 极少,凡是 能用 JS 写 最终 都 会 JS 写 一个 著名 定律 爬虫 再 合适 一说到 爬虫 很多 人 都 会 想到 python 的确 python 语法 简洁 scrapy 一类 强大 工具
爬虫 软件,可视化 爬虫 工具 Octoparse ParseHub 特别 适合 不想 写 代码 朋友 点点 鼠标 抓 数据 爬虫 数据 还 挺 大 很多 行业 都 需求
初学者 应 入门 爬虫,题 本人 一名 211 在校学生 想 爬虫 爬些 简单 网站 获取数据 做 分析 python 基础 入门 适合 初学者 入门 书籍 求 大佬 赐教
爬虫 大佬 活跃 爬虫 社区,小白学 爬虫 希望 长些 见识 爬虫 最新 技术 发展 动态 国内外 都 谢谢
爬虫 知乎,爬取 知乎 首页 热榜 excel 想 图片 那种 刚学 python 老师 留 救救 孩子
爬虫,爬虫 干嘛 要学 内容 软件 插件
爬虫 登录 获取 cookie 会 难点,小弟 很多 技术 概念 上 认知 工作 弄 爬虫 不设防 数据 爬起来 登录 网站 一个 突破 不了 知乎 csdn 简书 都 失败 会 验证码 csrftoken 加上 设置 request header 浏览器 登录 不了 都 403 跪求 大佬 教育
好 python3 爬虫 入门教程 书籍,我想 学用 python34 写 爬虫 好多 教程 都 27 3x 特别 不 详细 求 推荐 几个 好 教程 不胜感激
爬虫 知乎,爬取 知乎 首页 热榜 excel 想 图片 那种 刚学 python 老师 留 救救 孩子
学习 Python 爬虫 多久,博主 朝九晚五 上班族 学习 爬虫 利用 业余时间 凭着 爬虫 热情 爬虫 学习 之旅 俗话说 兴趣 老师 博主 一个 小白 初衷 想 分享 学习 爬虫 经验 爬虫 技巧
爬虫 常用 Python 语言,爬虫 重点 爬 信息 不 在于 理解 http 协议 网络 原理 上 python 做 出色 python 写 爬虫 几大 利器 requests 库 scrapy 框架
爬虫 软件,可视化 爬虫 工具 Octoparse ParseHub 特别 适合 不想 写 代码 朋友 点点 鼠标 抓 数据 爬虫 数据 还 挺 大 很多 行业 都 需求
学习 Python 爬虫 爬 网站,想 找 网站 练练手 合法 学习 Python 入门 入狱
Python3 新手 爬虫 求教,好 刚 接触 Python 新手 小白 一个 学到 爬虫 兴趣 发现 网上 很多 资料 源码 都 基于 Python2 我学 Python3 想 请教 适合 新手 爬 项目 练练手 不错 源码 还 请 不吝 分享
技术 接 爬虫 渗透,高手 之间 私聊 前期 希望 少量 测试 真实 效果 大批量
想 学 爬虫 入门,一大批 技术 解决 希望 爬虫 入手 职业生涯 Java 语言 很 好 选择 工作 机会 学习 高级 爬虫 知识 譬如 连续 采集 大规模 分布式
零 基础 学 爬虫,我学 计算机 不 相关 工科 专业 基本上 编程 没什么 基础 毕业设计 用到 爬虫 做 一个 舆情 分析 方法 短时间 内 学会 有没有 大神 救救 感激不尽 呜呜
爬虫 神器 Beautiful Soup 入门教程,手动 搜 得多怪 不到 越来越 招聘 上 都 写 爬虫 优先 都 想学 爬虫 毋庸置疑 爬虫 难 爬虫 很难 发现 一个 神器 Beautiful
Python 爬虫 传送 post 请求 携带 参数,"写 一个 Python 爬虫 想 模拟 网页 一个 按钮 点击 事件 发送 post 请求 图片 点击 按钮 时 网路 监听 信息 圈起来 URL 访问 会报 HTTP Status 405 Request method 39get39 supported 我用 requests 库 post 请求 函数 不 携带 信息 headersdataauth 网页 用户 登录 cookies 尝试 写法 都 解决 不 requestsposturl 添加 参数 不 参数 网上 讲解 都 很 模糊 求 大佬 指导 巨丑 分割线 刚 尝试 代码 url 34httpsincitesthomsonreuterscomincitesappdrilldowns0organizationdbd _ 39dataexportcsvskip0ampsortBycitesampsortOrderdescamptake50000ampfileNameWeb20Of20Science20Documentsampkey3010000000385134 
 headers 39UserAgent3939Mozilla50 Windows NT 63 Win64 x64 AppleWebKit53736 KHTML Gecko Chrome5803029110 Safari537363939ContentType3939applicationxwwwformurlencoded39 
 data 34filters3434location3434is3434CHINA MAINLAND3434TAIWAN3434MACAU3434HONG KONG3434personIdTypeGroup3434is3434name3434personIdType3434is3434fullName3434schema3434is3434Essential Science Indicators3434articletype3434is3434Article3434Letter3434Review3434period3434is342007201734pinned3434dateInfo3434exportDate3434201705243434wosDate3434201703313434deployDate34342017051334 
 r requestsposturl data data headers headers 
 print r 
 输出 400 错误 很 模糊 请求 错误 讲道理 用户 登录 网站 传 用户 信息 行不通 意料 之内 加上 auth 放在 headers 做 一个 参数 400 错误 跪求 大神 解答"
requests scrapy 爬虫 中 优势,requests 一个 http 框架 用来 做 爬虫 scrapy 一个 专业 爬虫 框架 python 新手 研究 爬 网站 朋友 推荐 我学 requests 看 下 文档 几分钟 爬 看 scrapy 爬虫 框架 很多 人 喜欢 想 东西 独特 之处 requests 爬 先 方法 cookies cookies 共享 requests 爬 网站 算 很 得心应手 爬 数据 我要 写 逻辑 代码 解析 编码 入库 或许 一个 http 库 思考 scrapy 一个 框架 爬虫 中会 requests 更好 爬 网站 40 多个 改用 scrapy 框架 带来 多大 好处 会 哪些方面 带来 好处 请 知友 帮忙 解答 疑惑 请 帮忙 邀请 牛 人 谢谢
1198 元 学习 python 爬虫 合适,不 合适 先 去 网易 课堂 腾讯 课堂 APP 买个 知乎 会员 看 爬虫 课程 课程 价值 很 高 很 适合 新手 学 花 多钱 拿到 课程 质量 跟不上 平台 付费 课程
爬虫 岗位 学习 js 逆向,selenium 不 看得起 都 慢 不 否认 确实 伪造 请求 快 selenium 做 异步 做 分布式 肯定 request 快 做 爬虫 都 神神 叨叨 js 逆向 更 高效 学习 成本 摆在 那学 时间 selenium 感觉 不削 一顾
JavaScript 写 爬虫,相比 PythonJavaScript 才 更 适合 写 爬虫 语言 原因 三个 JavaScript 异步 IO 机制 爬虫 IO 密集型 JavaScript 中 回调 自然
爬虫 中 厉害 反 爬 骚 操作 反反 爬,本人 python 菜鸟 一枚 专业 相关 平日 里 喜欢 爬 电影 电视剧 想 请教 小 哥哥 大神 平时 厉害 反 爬 技术 应对 或者说 反反 爬 手法 骚 操作 讨论 分享
Python3 新手 爬虫 求教,好 刚 接触 Python 新手 小白 一个 学到 爬虫 兴趣 发现 网上 很多 资料 源码 都 基于 Python2 我学 Python3 想 请教 适合 新手 爬 项目 练练手 不错 源码 还 请 不吝 分享
数据挖掘 网络 爬虫 关联 区别,请问 数据挖掘 数据分析 网络 爬虫 区别 谢谢
python 爬虫 工程师 具备 专业知识,面试 笔试 补充 感激不尽
python 语言 爬虫 做成 毕业设计 答辩 演示 爬虫 复杂化,毕业论文 设计 交 题目 打算 做 爬虫 老师 不 懂 我来 问 1 爬虫 程序 网页 缓存 本地 爬 2 爬出来 数据 大概 显示 做成 表格 统计 图形 显示 老师 说 毕业设计 论文 设计 论文 当场 演示 都 论文 论文 更 字数 python 代码 少 著称 缓存 爬 老师 演示 3 爬虫 设计 复杂化 思路 爬虫 做 设计 相比 其他同学 做 过于 简单 代码 python 优点 而少 ps 我刚 学 python 基础 再学深 一点 老师 告诉 情况 想法 不太
C语言 写 网络 爬虫,linux 下 运行 完整 那种
网络 爬虫,网络 爬虫 百度 搜索引擎 区别 学会 网络 爬虫 网上 找 资料 爬虫 找 资料 区别
第二语言 python 爬虫 golang,golang 书籍 推荐
爬虫 抓取 究竟,在我看来 爬虫 函数 封装 一系列 指定 动作 嵌套 调用 大规模 数据 筛选 提取 本人 爬虫 GitHub but0nJianSo _ Movie
反 爬虫,题
Python 爬虫 学些,想 学学 爬虫 上 b 站 找 课 mongodbmysql 各种各样 东西 课程 讲 讲 Linux 不 想 问问 大佬 爬虫 到底 要学些 想 业余 技能 发展 视频 课
Scrapy 爬虫 框架 教程 Scrapy 入门,三个 月 Scrapy 爬虫 框架 写 将近 两百个 爬虫 说 精通 Scrapy Scrapy 熟悉 写 一个系列 Scrapy 爬虫 教程 输出 梳理 段时间 学到 知识
爬虫 第一步 查看 robotstxt,txt 网站 管理者 写给 爬虫 一封信 描述 网站 管理者 不 希望 爬虫 做 事 访问 文件 文件夹 禁止 爬虫 访问 爬虫 访问 网站 频率 一个 自觉 善意 爬虫
爬虫 凶猛 爬 支付宝 爬 微信 窃取 现金 贷 放贷 数据,核心 逻辑 爬虫 爬 用户 关键词 再 展现 搜索 价值 东西 更好 呈现 这是 爬虫 功劳 爬虫 公司 联合 创始人 金苑 称 爬虫 黑暗
Python 最 简单 图片 爬虫 只用 20 行 代码 爬遍 全网,搜索 关键字 爬 取堆 糖 网上 相关 美图 零 基础 学会 通用 爬虫 还 多线程 爬虫 加快 爬虫 爬取 速度 环境 windows pycharm python3
爬虫 简单 数据分析 简单,价值 信息 网站 都 会 设置 反 爬虫 机制 验证码 就查 IP地址 爬虫 难度 很大 自学 python 爬虫 花 2 月 切身 体会 爬虫 学好 好 前端 基础
网络 搜索引擎 爬虫,尝试 python 写 一个 简单 爬虫 突 想到 一个 搜索引擎 爬虫 谷歌 没 找到 答案 知乎 有没有 人
零 基础 学习 爬虫 技术,零 基础 不想 学习 爬虫 编程技术 写 代码 推荐 网页 数据 爬虫 采集 软件 简数 采集器 自定义 采集 互联网 公开 数据 只 需 输入 一个 网址 简数 智能算法 会 自动识别 提取 内容
好 新 python 爬虫 课程 推荐,接受 付费 广
零 基础 编写 爬虫 多长时间,听说 一万 小时 法则 花 一万个 小时 研究 某件事 专家 编程 智商 学习 力 中等 编程 感兴趣 花 一个 小时 学习 大概 小时 编写 爬虫 程度 大概 时间
爬虫,爬虫 编写程序 模拟 浏览器 上网 去 互联网 上 抓取 数据 过程 爬虫 价值 抓取 互联网 上 数据 为我所用 爬虫 场景 中 分类 通用 爬虫 抓取 系统 组成部分
