title,description
字 多重,"客单 话题 
 	 
 一翻面 惊呆 
 纸 不 薄 晨光 
 手写 话题 代写 话题 
 	 
 都 接 都 还 接单"
日常 下 头,"删 删 不 完 代写 真的 谢无语子 人管 
 搞不懂 代 写出 分 低质量 差 会 市场 真的 高中生 都 枪手 留学生 话题 留学 英国 话题"
不接 加急 谁家 好人 6 千字 加急,"昨晚 11 点闲接 代写 
 大概 6 千字 琵琶行 抄 10 遍 
 第一次 做 没 经验 心想 几千 字 很快 写 完 问 加急 第二天 上午 就要 说 
 下 dan 后 心想 没什么 事先 写 两遍 好家伙 写 一遍 不妙 花 大半个 小时 捂脸 R 捂脸 R 捂脸 R 
 心想 完蛋 原地 起飞 不知 哪位 活爹 老师 处罚 水灵灵 怼 脸上 
 熬夜 写 选项 之间 选择 睡 2 小时 写 写 都 会 背 大笑 R 大笑 R 
 刚写 完 7 点半手 都 写 瘪 一管 墨 约稿 话题 文具 分享 话题 接稿 话题 代写 投稿 话题 代写 话题 话题 聊天 话题 闲鱼 经历 话题"
文艺 女留子 作业 全靠 代写 蹦迪 只 喝 香槟 偶尔 玩 塔罗 搞搞 西玄 邱妙津 鳄鱼 手记 里 背 几段 话 酒桌上 谈资 dating app 上 一个 长发 男 没想到 见面 运动 潮人 暗 时刻 别人 聊 戏剧 对方 说 欧里 庇得斯 搞 哑口无言 课间 抽烟 忘 拍照 至少 戴 三个 西太后 手指 夹 红 酒味 peel 四五个 人围 一圈 露出 鞋头 码数 闪光灯 旁边 人 alexanderwang 照到 曝 发 朋友圈 搞错 分组 爸 停卡 难不倒 找 张 同学 煮 土豆 鸡蛋 面条 图 发到 家庭 群,"文艺 女留子 作业 全靠 代写 蹦迪 只 喝 香槟 偶尔 玩 塔罗 搞搞 西玄 邱妙津 鳄鱼 手记 里 背 几段 话 酒桌上 谈资 dating app 上 一个 长发 男 没想到 见面 运动 潮人 暗 时刻 别人 聊 戏剧 对方 说 欧里 庇得斯 搞 哑口无言 课间 抽烟 忘 拍照 至少 戴 三个 西太后 手指 夹 红 酒味 peel 四五个 人围 一圈 露出 鞋头 码数 闪光灯 旁边 人 alexanderwang 照到 曝 发 朋友圈 搞错 分组 爸 停卡 难不倒 找 张 同学 煮 土豆 鸡蛋 面条 图 发到 家庭 群 妈 立刻 转 笔大 叮嘱 照顾 好 会 凌晨 三点 分享 lilpeep 歌 还要 评论 一句 处于 思 诺思 耐受 期再 挑 几张 穿衣 自由 照片 发 社交 平台 配文 人生 旷野 非 轨道 实际上 普罗米修斯 只 看 开头 三分钟 做 完 打开 WeChat 朋友 分享 痛苦 原生 家庭 聊天 一句 妈妈 眼睛 此生 直视 深渊 结尾 
 南半球 冬天 风 很大 还 记得 第一次 final 挂 很 伤心 那会 才刚 出国 站 公寓楼 下 看着 面前 耸立 高楼 想起 故乡 小时候 妈妈 拉 手 走 细雨濛濛 溪边 回忆起 笑 弹 弹 烟灰 隔 平行 时空 抱 抱 
 大学生 今日 人设 话题 咯噔 文学 话题 发疯 文学 话题 留子 话题 留学生 话题 一个 文艺 女 话题 抽象 话题 小 众 话题 嗲 话题 嗲子 文学 话题 千禧 辣妹 话题 亚 话题 电子 榨菜 话题 梦核 话题 薯 官方 爸爸 点 流量 话题 宝宝 腐蚀 话题 留子 暗 时刻 话题 文艺 b 话题 陪 回到 贰 零零 零 话题"
代写 留名 免费 随机 写,代写 留名 免费 随机 写
ppt 代 制作 研二 时间 充足 改至 满意,"ppt 代 制作 不 低价 好 服务 实在 假格 才能 换来 长久 合作 
 工作 时间 早上 9 晚上 11 点 时间 没回 一秒钟 没 回 信息 说 不 可靠 别来 人 休息 时间 才能 更 高 效率 工作 时间 会 回复 会 约定 时间 沟通 
 都 会 提前 沟通 告诉 后续 多余 费用 相互 接受 就行 相互 接受 不接 具体情况 定 人 不 难度 不 
 代做 话题 ppt 代做 话题 代做 ppt 话题 ppt 课件 话题 演讲 ppt 话题 ppt 做 话题 ppt 代做 话题 ppt 代做 制作 话题 大学生 代做 ppt 话题 ppt 模版 话题"
淘宝 写 代码 都 人,"读研 时 毕业 后 一度 无聊 发慌 闲鱼 上 代码 代写 服务 见识 奇奇怪怪 需求 
 	 
 1 大学生 需求 目标 检测 算法 检测 火星 陨石坑 
 	 
 听到 需求 时 一脸 震惊 万万 没想到 深度 学习 大水 泛滥 天文学 界 
 	 
 沟通 后 发现 数据 现成 手工 标注 
 做 目的 应付 课程 作业 立刻 察觉到 费力 无利可图 项目 果断 告知 需求 太 麻烦 做不了 做 提供 咨询服务 即可 
 	 
 问 一堆 基础 后 放弃 项目 白白浪费 多个 晚上 时间 收入 0 元 
 	 
 2 研究生 需求 评价 指标 代码 
 	 
 后 发现 模型 表现 不 符合 预期 模型 不 业务范围 之内 
 不满 之下 取消 订单 主动 帮 分析 实验 查 论文 再换 一个 评价 指标 后 模型 想要 
 只 需 一个 晚上 事情 花 3 天 时间 收入 298 
 	 
 3 大学生 需求 课程 作业 一个 插值 函数 代码 
 	 
 代码 十分钟 搞定 发给 后 跑 不 看 发现 python 环境 打字 沟通 多轮 无果 后 远程 帮 配好 环境 程序 运行 收入 99 
 	 
 4 研究生 需求 课程 作业 sklearn 包 入门 学习 
 	 
 一份 jupyter notebook 代码 打开 一看 貌似 都 现成 回车 运行 即可 唯一 需求 代码 某处 学号 过程 轻松 加 愉快 唯一 不爽 还 帮 一份 实验报告 
 本来 不想 代写 实验报告 后续 多份 作业 需求 都 找 接单 订单 再也 收入 99 
 	 
 5 研究生 复现 某篇 论文 实验 
 	 
 接单 时 甩 一段 需求 文字 一看 论文 机 翻找 拿到 原 论文 后 沟通 需求 发现 最 概念 搞不清楚 后续 沟通 扯皮 果断 说 做不了 另请高明 
 	 
 
 	 
 网上 接单 太 麻烦 需求 耗时 较长 人 价格 不高 单 性价比 太低 
 简单 需求 需求者 纯小白要 花 时间 沟通 解释 上 吃力不讨好 做 很 受 
 经历 几个 订单 再 各种各样 奇怪 需求 脑溢血 放弃 代码 代写 服务"
不好 已 删掉,手写 投稿 话题 野生 字体 话题 代写 投稿 话题 关注 PK
Recraft 写 Rosie 名字,希望 会 喜欢 萌萌 哒 R 萌萌 哒 R 萌萌 哒 R 雪地 氛围 感 话题 冬天 里 第一朵 雪 玫瑰 话题 雪地 写字 话题 ros é 话题 rose 朴彩英 话题
大三 赚 10w 零花钱 自由 做,"桃 女士 大三 一年 赚 13w 很少 问 家里 生活费 赚 父母 买 转账 适合 大学生 赚 方法 右 R 
 R 家教 
 时薪 高用 知识 赚米 小学 3040H 初中 4050H 高中 更高 有人 会 说 家教 高额 中介费 利用 信息 很 利用 好 小区 裙 物业 裙 两个 渠道 发布 相关 经历 求职 发布 bg 问小 区内 家长 日常 寒暑假 补课 需求 累计 接到 3 长期 寒暑假 家教 单 
 二 R 代写 文章 
 代写 文章 赚取 稿费 2k 这项 副业 平常 课 大学生 手机 上 写 搜 代写 文章 找 销量 top 去 问客 招不招 写手 企业 写手 裙 佣金 接单 记住 进是 不 交 费用 单一 结 AI 写加 润色 稿费 很 好赚 
 三 R 开店 
 海鲜 市场 一个 二手 闲置 平台 想 出单 低价 吸引 顾客 平台 模式 走 下 低价 挂出 闲置 先 利用 平台 本身 作用 闲置 回血 账号 积累 评价 上 日常 擦亮 选品 选品 电影票 代下 奶茶 咖啡 代下 视频 会圆 赚 差价 都 基础 无货 发货 货 来自 一六 八八 拼 嘟嘟 找到 high 利润 产品 蓝海 产品 发布 商品 店铺 看起来 满满的 一技之长 某鱼 接单 p 图代 做 ppt 美术 生还 画 头像 接稿 出 连续 篇 
 四 R 利用 兴趣爱好 赚 
 喜欢 摄影 小红书边 做 账号 做 陪 拍 喜欢 宠物 养养 经验 做 上 喂食 遛狗 铲 粑 成绩 好 考研 上岸 考证 厉害 知识 变现 做 经验 笔记 分享 喜欢 二次元 kpop 宝们 开团 打包 发货 赚 一点 米 
 学生 党 经济 独立 话题 大学生 副业 话题 经济 独立 话题 赚钱 话题 干货 分享 话题 赚钱 思维 话题 赚钱 副业 话题 大学生 搞钱 话题 只想 搞钱 话题 官方 求 流量 话题"
离谱 潜伏 删 一个 6 年前 加 作业 代写,"微信里 一个 六年 前加 微信 代写 每次 我发 朋友圈 吐槽 不想 上学 问 需不需要 提供 代写 服务 搞笑 没 删 
 	 
 我吐槽 不想 上班 发现 不理 删 
 	 
 爸 聊天 说 我爸 告诉 
 	 
 小号 当初 想 有没有 好好学习 
 	 
 离谱 话题"
代写 论文 考试 帮 留学生 作弊 神,刑事 辩护 话题     法律咨询 话题     大状 开放 麦 话题     刑事 律师 话题     武汉 律师 话题     武汉 律师 事务所 话题
澳洲 留学 代写 谈恋爱,真的假 说 免费 写 作业 R R 我超 谈个 对象 换份 作业 太值 留学 话题 澳洲 话题 澳大利亚 话题 留子 话题 留子 日常 话题 真的假 话题
预感 代写 行业 收费 deep LEasyessay 收费 网站 软件 将会 三个 月 内 颠覆 记得 几个 月 前 chatgpt 还 感觉 一个 小爱 真想 磕头 不说 写 学术 文章 太强 有种 亲自 经历 工业革命 感觉 ChatGPT 话题,预感 代写 行业 收费 deep LEasyessay 收费 网站 软件 将会 三个 月 内 颠覆 记得 几个 月 前 chatgpt 还 感觉 一个 小爱 真想 磕头 不说 写 学术 文章 太强 有种 亲自 经历 工业革命 感觉 ChatGPT 话题
论文 找 代写,"好 小鱼 只 说 两件事 论文 论文 特 喵 论文 
 
 打卡 R 第一件 事 论文 千万 找 代写 
 打卡 R 第二件 事 不 找 代写 写来 告诉 
 
 右 R 第一件 事是 
 先 上 结论 论文 代写 不靠 谱 现实 中 有人 去 小白鼠 先 试试 不靠 谱 小白鼠 
 
 1 写 都 不 搞不好 还 乱打 好 
 2 流程 不 很多 人 交费 这时候 
 3 查重 不过关 
 
 	 
 右 R 第二件 事 
 不靠 谱 写 
 	 
 1 主题 导师 指定 主题 访问 中国 知网 搜索 替代 主题 中 关键字 查找 下载 
 	 
 2 收集 文献 百度 标题 中 相关 关键词 寻找 主题 下载 约 10 篇 
 	 
 3 架构 参考 下载 论文 框架 构思 章节 写 
 	 
 4 内容 填写 这部分 即将 重复 方法 先 复制 别人 这部分 内容 边用 再 文雅 表达 只 改变 一个 句子 顺序 替代 方式 重复 率 很 难 降低 侧重于 内容 叙述 方式 表达 
 	 
 5 结论 
 摘要 两个 简单 句子 介绍 背景 指出 情况 下 发生 情况 情况 会 导致 不 解决 会 伤害 
 结论 类似 摘要 解决 提出 一个 想法 提出 某某 解决方案 措施 某某 好处 
 	 
 6 参考 参考文献 下载 文章 百度 学术 搜索 中 复制 标题 选择 引用 复制到 文章 中 
 论文"
论文 代写 不 退费 不见 棺材 不 落泪,"很多 同学 投机取巧 赶时间 提交 想必 都 找 人 代写 机构 写过 论文 文章 很多 同学 有过 騙 经历 交了 钱 不到 论文 损失 不止 有斤 钱 还 浪费 时间 交不 论文 毕业 
 	 
 论文 代写 常见 坑 5 种 情况 
 	 
 1 转完 账 拉 黑 
 	 
 2 写手 能力 有限 没 能力 修改 拉黑 学生 
 	 
 3 AI 软件 写 论文 智 䏻 痕迹 过重 导致 学生 涉嫌 论文 造假 嫌疑 
 	 
 4 購买 题目 文章 二次 创作 后 学生 
 	 
 5 收钱 后 拖延时间 不 做事 
 	 
 情况 时 法律 途径 维护 权利 在线 上 平台 立案 花费 50 元 诉讼费 即可 立案 起诉 全 流程 放 
 	 
 起诉 流程 
 	 
 ① 小诚序 搜索 ren 民 珐院 在线 服务 ren 民 珐院 在线 服务 分 平台 
 	 
 ② 选择 起诉 对方 省份 
 	 
 ③ 后选 立案 审判 立案 记得 实名 认证 
 	 
 ④ 选不 
 	 
 ⑤ 后 选择 审判 立案 本人 申请 
 	 
 ⑥ 选择 对方 所在 省份 城市 区域 ren 民 珐院 案件 类型 选民 事 一审 下 一步 
 	 
 ⑦ 上传 材料 
 	 
 ⑧ 提交 等待 审核 后 邮寄 材料 
 	 
 立案 拒不履行 判决 人 措施 
 	 
 ① 手机 余额 冻结 划扣 
 	 
 ② 拍卖 对方 名下 房产 未成年 子女 名下 财 
 	 
 ③ 强制执行 对方 养老金 公积金 
 	 
 ④ 禁止 坐 高铁 飞机 开车 不 
 	 
 论文 都 问哈 
 	 
 论文 话题 论文 写作 话题 论文 辅导 话题 论文 指导 话题 毕业论文 话题 留学 论文 话题 留学 论文 辅导 话题 论文 退费 话题 论文 代写 避雷 话题 退费 维权 话题"
代写 作业 人 威胁,"人 我妈 
 妈妈 去年 成人高考 考上 大学 
 工作 太忙 没 时间 学习 
 逮 快 退休 无所事事 老爸 刷 课 
 社畜 大学生 帮 写 作业 
 美美 在外 人 夸 人到中年 还 努力 
 	 
 抄 作业 离家出走 
 居然 还要 帮 写 作业 
 乖孩子 表面 上 内心 冲击 
 老妈 开心 好 
 妈 
 老妈 开心 老爸 开心 害羞 R 聊天记录 截图 话题 生活 中 小 碎片 话题 好笑 日常 话题"
全世界 留学生 微信 找 人代 X,"真的 贵 
 1 不 提倡 代写 高质量 学校 抓 后果 很 
 2 从来 想 找 代写 代写 混迹 群组 里 莫名其妙 就加 好友 懒得 删 说不定 能用 上 
 3 没想到 真的 找 代写 日子 平时 比较忙 加上 写 担心 分数 低 chatgpt 不 实用 
 4 微信 上 找 一个 代写 一听 价格 劝退 谷歌 上 找 一家 刚 担心 质量 过后 挺不错 价格比 微信 上 代写 便宜 两三倍 质量 不错 ppt 讲稿 都 做 
 	 
 试 两次 付钱 有没有 找 代写 澳大利亚 打电话 
 	 
 留学生 必备 话题 
 无论是 ChatGPT 代写 检查 作业 都 灵活 做 修改 老师 这份 作业 写 最起码 那种 一眼 代写 
 最 下单 请 务必 砍价 砍价 如图 1 作业 都 砍"
实况 雪地 kt,举牌 话题 朋友圈 背景 话题 雪地 写字 话题 hellokitty 话题 recraft 话题 代写 话题
这次 抄上 申请书,代抄 接代抄 话题 代抄 话题 申请书 话题
沉浸 式 体验 悉尼大学 留学生 岱 威胁 48 小时,"case 太 经典 放 沉浸 式 体验 下 教科书 级别 应对 岱 威胁 样 
 ㅤ 
 
 ㅤ 
 bg 
 ㅤ 
 一名 悉尼大学 人文 社科 硕士 有篇 essay 实在 写 不 完 找 一个 人 还 想着 走 平台 很 safe 题目 发给 
 ㅤ 
 
 ㅤ 
 没 约定 交稿 ddl 晚 两天 才 交上来 一份 狗 p 不通 文档 
 迟交 penalty 肯定 硬着头皮 交上去 后点 退款 
 ㅤ 
 不 同意 refund 说 付出 劳动 大吵一架 说出 学校 课程 代码 report 给悉 大 开除 
 ㅤ 
 慌 多一事不如少一事 同意 不 退 打算 自认倒霉 
 当晚 换 号 找 说 赔偿 ta 误工费 心情 不好 费 一共 2w 交了 录屏 删掉 evidence report 学校 
 ㅤ 
 
 ㅤ 
 焦虑 一宿 没 睡 找到 
 ㅤ 
 立刻 帮 申请 sc 补交 一份 那版 不 essay 稳住 学校 
 ㅤ 
 再 好好 骂 一顿 人 远 轱辘 多远 拯救 乳腺 
 ㅤ 
 
 ㅤ 
 学校 秒 熬 两个 大夜 交上去 一份 全新 essay 
 ㅤ 
 破防 换 号 交 发 一份 学校 report 截图 
 ㅤ 
 十天 出分 一晃 四个 月 无 事 发生 
 ㅤ 
 
 ㅤ 
 下 
 情况 吓住 
 退 一亿 步讲 学校 不 一个 莫名其妙 report 开 高低 解释 时间 机会 
 ㅤ 
 尽量 早点 止损 
 学校 都 scecgc policy 利用 拖 学校 解释 那天 
 ㅤ 
 求助 经验 人 随时 待命 帮 搞定 
 ㅤ 
 ㅤ 
 悉尼大学 话题 年 留学生 代写 欺骗 感情 话题 悉尼大学 留学生 话题 新南威尔士 大学 话题 墨尔本大学 话题 澳洲 大学 话题 西澳 大学 话题 澳洲 大学 学术 不端 听证会 话题 沉浸 式 话题"
体制 内 副业 分析 1,"小猪 收腹 笔记 笔记 下 发布 一条 评论 
 做过 副业 分析 1 闲鱼 代写 材料 经验 文秘 岗 纯 手写 tb 上 大都 大学生 bd 文库 高质量 才能 转化成 窝囊 费 收入 接到 4 单共 收入 1800 元 耗时 6h 复盘 耗费 时间 主业 时间 写 风险 大 下班 做 牛马 2AI 制图 经验 文科生 妄图 学习 创收 电脑配置 都 搞不懂 哭 唧唧 收入 负 99 买课 复盘 盘不来 盘不来 3 考公 考研 指导 经验 收费 贵 没人来 学子 更 大 机构 同学 身上 都 迷茫 影子 不 认真对待 咨询 良心 过不去 收入 32455 毛是 群里 抢 红包 复盘 做 体系 做 短 视频 前期 公益 引 留职 场 事儿 话题 工作 使 快乐 话题 体制 内 副业 话题 赚钱 思维 话题 闲鱼 无 货源 闲鱼 话题 工人 日常 话题"
平台 代抄 确实 人 傻子,"机器 代抄篇 
 提醒 提醒 提醒 
 害总有 顾客 pxx 代 抄写 栽跟头 
 上 pxx 找代 抄 问 东西 千万 找 机器 抄写 那种 老师 真的 倒霉 老师 随便 不怎么 看 找个 机写 随便 糊弄 行 便宜 真 便宜 看 小姐姐 给我发 图 真的 太假 笑 哭 R 句号 圆字 过于 工整 差点 打印 到头来 钱 花 抄 期末 考察 不了 这不白 瞎 
 价格 好好 代抄 千字 2 看 不合理 便宜 手写 噢 笑 哭 R 真的 着急 东西 最 耽误 时间 失望 R 碰到 好几个 找 说 机器人 抄写 话题 不靠 谱 商家 话题 抄写 话题 手写 摘抄 话题 人工 手写 话题 代 抄写 话题 手写 文字 话题 日常 话题 记录 生活 话题 更新 话题"
想 找 代写 先 听 一句 劝,"烟花 R 论文 初稿 注意事项 
 R 初稿 内容 尽量 初稿 篇幅 长于 成稿 初稿 删改 较易 漏项 补遗 再加 较难 
 
 二 R 行文 符合 论文 规范 论点 论据 论证 内容 应 项目 齐全 纲目 分明 逻辑 详略 得当 初稿 中 符号 单位 图表 公式 书写 符合规范 
 
 三 R 成熟 见解 顺利 表达 初稿 发现 论点 上 改动 小 地方 原则性 错误 先 不必 花 精力 去 修改 
 
 四 R 书面 应写 干净 粗制滥造 马虎 观点 语法 文字 均 应 差错 发生 
 论文 话题 论文 写作 话题 论文 发表 话题 论文 期刊 话题 论文 选题 话题 论文 辅导 话题"
代写 磙,"我服 课友 
 还 开心 还 哇哇 上课 
 	 
 喊 姐妹 感觉 不 说实话 
 朋友 说 overthink 
 拉 进 新生 群 
 看 朋友圈 
 xhs 找到 原博主 
 一个 澳洲 留学 姐姐 
 	 
 拉 黑 
 真烦 这帮 代写 
 ucd 话题 代写 话题 美本 留学 话题"
No dai 写,"论文 dai 写 碰 必 后悔 
 dai 写 举报 威胁 人 学生 不少 千万 抱 侥幸 心理 去 找 论文 dai 写 学校 查出 dai 写 学生 警告 处分 留校察看 取消 学位 消息 都 很多 
 很多 研究生 都 放养 状态 老师 写 毕业论文 研究生 变得 很难 压力 很大 
 说 千万 找 论文 dai 写 找 一个 谱 论文 辅导 机构 专业 匹配 对口 导师 1V1 辅导 论文 轻松 论文 写作 
 骗 代写 本身 学术 不端 很大 稿 多用 情况 稿子 质量 差 风险 奇高 无比 真的 真的 再 代写 写 论文 真的 难 论文 话题 论文 辅导 话题 SCI 论文 话题"
很 好奇 养活 代写,"吐 槽 一句 课难 代写 辅导 成群结队 
 utsc 话题"
代写 骗 宝子 避雷,昨天 找 代写 约定 交稿 回复 400 块 撸 串 不香 凡事 都 亲力亲为 投机取巧 原本 最多 水平 差 点 毕竟 都 AI 竟然 钱 跑 路 微信 投诉 账单 服务 中 对此 订单 疑问 不好 发出 避雷
热乎 kitty,雪地 代写 话题 凯蒂 猫 壁纸 话题
论文 骗,"红薯 找 论文 代写 骗 16w 感觉 天 都 塌 
 上 月初 忙 找 工作 红薯 上 问 很多 论文 辅导 发现 都 代写 一个 说 安排 南开 金融 博士 先交 定金 8000 做好 初稿 交 8000 没想到 我用 知 网查 重率 53ai 率 40 工作 刚 签下来 碰见 事 没法 活 论文 辅导 话题 论文 代写 话题 论文 骗 话题 论文 骗子 话题 毕业论文 话题 硕士 毕业论文 辅导 话题 骗子 避雷 话题 论文 代写 骗 话题"
挣 600 元 今晚 得加 夜班,"刚才 睡觉时 一个 客户 帮 写 一篇 讲话稿 
 白天 写 六千多 字 感觉 有点累 本来 晚上 想 早点 睡觉 这人 老客户 一个 机关 单位 做 文职 平时 忙不过来 时 帮 代写 文章 
 
 写作水平 很 认可 平时 合作 很 愉快 月 都 帮 写 五六 篇文章 
 晚上 感觉 有点累 老客户 费用 不 低 不好意思 拒绝 
 
 刚才 沟通 预估 写 这篇 千字文 章 最 不 超过 两个 小时 
 一个 全职 自由 撰稿人 会 碰到 急单 夜晚 加班 凌晨 一两点 常有 事 
 
 感觉 很 辛苦 想到 当年 东莞 打工 上 夜班 时 情景 辛苦 算不了 
 当年 做 流水线 工人 时 晚上 加班 通宵 才 一百多元 
 
 两个 小时 收入 六百 值得 写作 信心 
 凌晨 十二点 小区 对面 楼房 还亮 灯 篇文章 工作 
 
 月 写作 赚钱 目标 55 万 时间 快过 一半 收入 还 不到 三万 
 努力 
 写作 赚钱 话题 月入 过万 话题 文案 写作 话题 写作 话题 写作 日常 话题 努力 挣钱 搞 事业 话题 努力 更好 自已 话题"
服 悉尼 全是 代写,"每次 遇上 校友 搭子 肯定 代写 
 留学 话题 悉尼 话题"
男朋友 写 四个 专利 挣 10k,"男朋友 一名 工程师 专利 打交道 专利 工程师 工作 成果 结晶 
 去年 写 4 专利 第一 作者 1 篇 15 一篇 
 14 一篇 10 一篇 这篇 找 人 代写 居然 只 占 
 10 无所谓 共计 收入 10K 
 时 长 专利 分为 发明专利 实用新型 专利 外观 设 
 计 专利 三种 本文 只 针对 发明专利 发明专利 审核 分为 三个 阶段 初审 公布 实质 审查 流程 13 年 
 初审 公司 情况 几个 发明 2022 年 9 月 找 代理 机构 2023 年 7 月 递交 专利局 历时 8 月 
 发布 专利 提交 后 18 月 授权 610 月 后 发布 
 实质 审核 时间 不 618 月 取决于 发明 内容 审查员 发明 理解 
 支出 
 申请费 900 件 印刷 费 50 件 
 申请 附加费 权利 附加费 11 项起 每项 增收 150 
 说明书 附加费 301 项起 每项 增收 50 元 
 实质 审查 2500 元件 
 专利 登记 印 花费 
 年费 13 年 900 元 46 年 1200 元 1620 年 8000 
 元 专利 蕞 长 有效期 20 年 20 年 后 发明 无偿 
 就职 公司 期间 申请 发明 费用 公司 100 承担 
 专利 话题 专利申请 话题 申请专利 话题 撰写 专利 话题 专利 代理 话题 
 专利 代理 机构 话题 知识 薯 话题"
05 年 女大 代写 经济 自由,"6 月份 接触 5 月 烟花 R 
 生活费 自由 发 R 
 	 
 写作 经验 庆祝 R 
 氛围 感 R 接单 boss 淘宝 接单 公司 保障 放心 拖 稿费 
 	 
 氛围 感 R 写稿 大部分 ai 手 搓 偷笑 R 纯 文科 暗中 观察 R 
 	 
 氛围 感 R 谈单 展现 很 懂 大胆 展现 写 稿子 
 	 
 加油 贝贝们 彩虹 R 
 	 
 学生 党 经济 独立 话题 副业 兼职 话题 大学 兼职 话题 大学生 副业 话题 努力 变 优秀 话题 文章 话题 努力 付出 会 收获 话题 越 努力 越 幸运 话题 干货 分享 话题 努力 变 优秀 文字 力量 话题"
"幸福 我会 先掉 眼泪 
 手写 话题 我会 文字 打动 话题 代写 话题","幸福 我会 先掉 眼泪 
 手写 话题 我会 文字 打动 话题 代写 话题"
代写 学校 发现 侥幸 害死 人,"想 记录 下 此刻 话题 模板 东西 话题 
 Dai 写 学校 发现 问 最 好好 说 说 学校 发现 不 
 	 
 R 清单 R 编辑 作者 出 看图 二 
 一看 写 写 初始 作者 排除 借用 别人 电脑 很少 借用 
 	 
 二 R 内容 质量 
 内容 质量 对得起 学术 水平 不 对不起 来能 不让 人 怀疑 都 不 写 好 老师 更 不 写 差 没事 
 	 
 三 R 专业性 语言 
 很多 写 或者说 很多 学到 东西 小学生 初中 才学 深奥 成语 一两处 还 说 大面积 过分 
 	 
 四 R 口头禅 找 当地 dai 
 情况 少 老师 太 细心 国内 四川 晓得 不 晓得 广西 颠 歇后语 当地 很少 会 去 说 去 写 当地 D 会 去 
 	 
 五 RIP 
 最 常见 偷懒 偷 地步 D 提交 学校 一查 查出来 人 没 帮 发送 人 国外 国内 帮 发送 不让 学校 怀疑 
 六 R 无良 D 
 举报 搞 两用 不 说 想 去 主页 去查 代写 举报 收到 学校 调查 
 	 
 七 R 跑题 
 跑 一塌糊涂 沟通 提交 前 没 检查 
 	 
 归根到底 一个 字 懒 
 不 懂 问 有问必答 话题"
接稿 ing 春会 消解 冬 枷锁,"春会 消解 冬 枷锁 
 说 冬雪 做 春天 
 逃出 束缚 希望 更 自由 一方 
 原创 抄袭 仿写 请 注明 出处 
 爱是 雪地 里 写诗 话题 手写 背景图 话题 朋友圈 文字 背景图 话题 签 话题 手写 文案 话题 手写 话题 写字 一种 生活 话题 救赎 话题 自由 文案 话题 写给 好 朋友 话题"
找 代写 同学 范 低级 错误,"发现 特别 同学 找 Dx 学校 发现 求助 
 都 换 一个 最 低级 错误 
 右 R 右 R 属性 
 找 Dx 发 文档 后 很多 同学会 文档 上 修改 保存 后 发送给 学校 老师 
 	 
 学校 只 点击 文档 鼠标 右键 会 发现 编辑 作者 别人 修改 最终 保存 学校 怀疑 文档 真实 作者 大 概率 会 收到 学校 学术 不端 指控 邮件 指控 找 第三方 
 	 
 很 规避 最 踩 坑 
 先建 一个 word 文档 内容 复制 就行了 简单 一个 步骤 挽回 损失 
 可爱 宝子门 踩 坑 特别 小白 
 留学 Appeal 话题 留学 申诉 话题 学术 不端 话题"
奉劝 所有人 找 代写 找 代写 找 代写 事情 说 三遍 人 不 负责 写 东西 没 一点 缝补 技术 超乎 想象 真的 花钱买 教训 想 偷懒 好 损失 钱 还 加班加点 写 稿件 别有 不该 心思 就算 写 不好 放心 代写 写 更 烂 想要 找 代写 三思,奉劝 所有人 找 代写 找 代写 找 代写 事情 说 三遍 人 不 负责 写 东西 没 一点 缝补 技术 超乎 想象 真的 花钱买 教训 想 偷懒 好 损失 钱 还 加班加点 写 稿件 别有 不该 心思 就算 写 不好 放心 代写 写 更 烂 想要 找 代写 三思
宝宝,雪地 写 祝福 话题 雪地 代写 话题
试 一上午 终于 会,"反复 尝试 关键词 
 Ai 玄学 
 很 好玩 
 无偿 帮 
 事儿 着急 就算 
 点点 点点 
 猫猫 陪 圣诞 话题 雪地 写字 话题 背景图 话题 pyq 背景图 话题 代写 话题 hellok ⅰ tty 话题"
找 代写 擦亮眼睛,"想 找 代写 宝子们 一点 建议 好几个 姐妹 问 代写 昨天 刷 代写 文章 分享 下 经历 好几个 姐妹 交流 发现 代写 坑 人 真的 不少 盛 发现 骗 宝子们 经历 都 很 
 ① 宝 骗 
 ② 低价 代写 骟 经历 说 完美 共情 图 低价 代写 骗 两次 朋友 推 代写 小贵 真的 一分钱 一分货 找 代写 宝子们 千万 擦亮眼睛 
 ③ 去宝 去宝 去宝 
 ④ 找 低价 代写 
 ⑤ 尽量 找 熟人 推荐 
 ⑥ 写 尽量 写实 写 不 再 代写 
 说 很 好 帮 一个 一个 
 代写 可接 代写 话题 代写 投稿 话题 代写 话题"
雪地 ID 代写 圆满完成,"幸运 果果们 赶紧 认领 这份 专属 浪漫 
 秋冬 暖 话题 
 有棵树 主题 邮局 快 闪 话题 
 成毅 棵 树 全球 品牌 代言人 话题"
2 分钟 说 清 辨别 群 里加 人 代写,"学术 诚信 勿 自欺欺人 
 留学 英国 话题 英國 留學 话题 英国 生活 话题 留学 生活 话题 留学 话题 留学 事 话题 留学 澳洲 话题 留学 美国 话题 论文 话题 英文 论文 话题 英文 论文 写作 话题 essay 话题"
突发 华人 海关 查 代写 留学生 遣返回国,"凌晨 收到 如图 求救 留学生 赴美 人数 增加 美国 海关 边境 保护局 CBP 国际 学生 入境 审查 愈发 针对 学术 不端 代写 作弊 打击 力度 加大 留学生 入境 时 查出 涉及 此类 极有 面临 拒绝 入境 遣返 严重后果 
 	 
 1 电子设备 检查 隐私 
 留学生 入境 时 交出 手机 笔记本电脑 电子设备 美国 海关 有权 搜查 令 情况 下 检查 入境者 电子设备 内容 确认 违反 移民 法律 留学生 入境 前 确保 电子设备 中 涉及 代写 作弊 学术 不端 记录 
 	 
 2 学术 诚信 
 学术 诚信 美国 教育 体系 中 核心 价值观 留学生 严格遵守 学校 短期 困难 压力 选择 铤而走险 
 	 
 3 不必要 麻烦 
 代写 作弊 原因 入境 时 麻烦 留学生 以下几点 措施 
 	 
 清理 电子设备 入境 前 检查 手机 电脑 设备 确保 海关 怀疑 内容 特别 代写 作弊 相关 聊天记录 合同 作业 
 	 
 诚信 学习 过程 中 学术 诚信 不 找 人 代写 不 作弊 面对 学习 压力 时 选择 合法 方式 寻求 
 	 
 入境 入境 前 美国 海关 相关 询问 确保 签证 状态 学习 计划 相关 信息 了然于心 
 	 
 相关 材料 入境 时 好 相关 文件 材料 包括 I20 表格 护照 签证 学校 录取 通知书 文件 整洁 有序 提高 入境 效率 
 	 
 4 面对 海关 询问 第一 时间 找 专业 律师 保持沉默 
 留学生 入境 时 海关 官员 询问 特别 涉及 会 影响 签证 状态 合法 居留 学生 有权 保持沉默 律师 一点 律师 情况 下 不当 回答 不 回答 都 视为 作出 虚假 陈述 导致 严重后果 
 	 
 面对 海关 审问 冷静 礼貌 首要 原则 感到 紧张 不 回答 学生 应 希望 移民 律师 律师 到场 保持沉默 保护 合法权益 还 紧张 误解 说出 不利于 信息 
 	 
 美国 宪法 赋予 人 面对 审问 时 保持沉默 权利 这项 权利 边境 审查 时有 寻求 律师 留学生 保护 利益 手段 入境 时 情况 学生 第一 时间 律师 律师 指导 下 应对 海关 询问   遣返 话题     代写 话题     学术 不端 话题     留学生 话题"
世界 荒凉 冰岛,"手写 话题 
 我会 文字 打动 话题 
 代写 话题 
 文案 话题"
留学生 找 代写,"球球 去 留学 留学 同学 千万 记得 找 代写 
 听 一个 专业 同学 找 代写 double pass essay 挂 人 都 不好 
 	 
 找 代写 就算 代写 吹 上天 信 
 留学 澳洲 话题 留学 事 话题 留学 生活 话题"
想 找 论文 代写 避雷 这家,"p1 代写 中介 
 p2 付钱 好听 包 原创 包 修改 都 假 下单 后 安排 对接 代写 人 都 找 不到 
 p3 马上 论文答辩 找 不到 代写 人 找 中介 问 帮 催 代写 找 不到 还 回 巨 拽 人 钱 翻脸不认人 找 更 说 加钱 加急 她家 半个 月 写 完 时间 很 充裕 一个月 好家伙 快 两个 月 时间 没 催 说 加钱 加急 
 p5p7 对接 论文 代写 初稿 初稿 AI 更本 没 上 
 朋友 都 找 这家 一个 朋友 代写 跑 路 一个 代写 情况 更本 不上 人 搞 几个 通宵 才 写 刚上 论文答辩 
 想 去 找 论文 代写 擦亮眼睛 不少 论文 代写 中介 情况 慢慢 去 研究 这写 看 近 五年 硕士论文 写 花钱 找 代写 写 好 还 
 避雷 这家 骗 论文 指导 话题 学姐 话题 沐辰 学姐 话题"
代写 滚 出 地球,"很多 人 小红书加 好友 想 拉 进 ucb 新生 群 百分之九十 都 代写 人 麻 新 好友 申请 一眼 代写 误伤 深表歉意 
 代写 经典 不 识字 之发 offer 发了 拒信 本科 新生 发 交换 生 offer 本科 新生 发 硕士 offer 竟然 都 中国 人 骗 中国 人 长点 眼 
 锻炼 出 一眼 识别 代写 能力 再见 R 
 表现 
 加 好友 时 不 写明 年级 姓名 
 微信 朋友圈 信息 0 发几张 定位 风景 美食 图 
 微信 网名 极其 草率 微 信号 非 乱码 看不出 含义 
 微信 不 显示 性别 
 加上 好友 后 你好 新生 小红书 求拉群 
 极其 模板 化 感情 拉群 机器 
 身边 无数 同学 代写 道 拉 进群 后 管理员 踢 出 
 代写 话题 留学 话题 ucb 话题 ucberkeley 话题"
还 实验报告 烦恼,"代写 投稿 话题 大学生 作业 接单 话题 文章 话题 实验报告 代写 话题 
 滴滴"
文案 真的 不值钱,"上 大学 那会 做 文案 兼职 辛辛苦苦 写 一篇 稿子 到手 稿费 几十块 好 积少成多 一个月 挣够 生活费 
 
 工作 公司 甲方 找 agency 合作 一看 报价表 才 发现 文案 没 廉价 都 中间商 赚 差价 
 
 做 小小的 尝试 压榨 主动出击 找 资源 
 文章 话题 文章 代写 服务 话题 文案 策划 话题 文案 写作 话题"
编程 接单 大学生 半月 收入 800,"第一篇 接 编程 单 笔记 半个 月 赚 大概 八百 写 一个 分享 刷 朋友 交流 
 	 
 我接 大多 爬虫 单 matlab 代码 调试 上条 笔记 提到 爬虫 很多 好心人 私信 做 爬虫 小心 我接 都 学生 作业 敏感 违法 内容 做 爬虫 单 好 做 熟练 写 很快 matlab 代码 调试 花 时间 客户 发来 几百 行 代码 从头开始 看 很 麻烦 
 	 
 还接 数据处理 单子 批量 word 上 文字 复制到 excel 表格 中 客户 手动 复制粘贴 很 费时间 程序 一秒 解决 
 	 
 笔记 评论 区有 朋友 问 爬虫 matlab 学习 两个 都 自学 爬虫 找 视频 看 matlab 参加 数学 建模 熟练 
 	 
 开 学会 学 专业课 下 真 切实 感受 知识 金钱 笑 哭 R 
 接单 话题     代码 话题     Python 话题     兼职 话题     大学生 兼职 话题     程序 话题     编程 话题     代写 大学生 代码 话题     matlab 话题     副业 话题     接单 话题     程序员 兼职 话题"
文书 代写,"仲裁 申请书 听证 调解书 协议 申请书 答辩书 代理词 代理 思路 举报信 报案 信 检举信 各类 合同 协议 法律 意见书 
 二 民事行政 附带 民事案件 起诉状 答辩状 上诉状 再审 申请书 申诉书 抗诉 书 代理词 代理 思路 代理 书写 刑事案件 被告 辩护词 上诉状 申诉状 离婚 协议书 代写 代写 离婚 协议书 代写 遗嘱 遗书 
 三 反诉 书 刑事 附带 民事 起诉书 强制执行 申请书 财产 保全 申请书 先予执行 申请书 回避 申请书 宣告 失踪 申请书 宣告 死亡 申请书 支付 令 申请书 再审 申请书 婚前 财产 协议书 抚养 子女 协议书 遗嘱 抚养 协议书 收养 协议书 赠与 合同 
 实习 律师 日常 话题 工作 话题 职场 日常 话题 离婚 协议 话题 起诉 离婚 话题 遗嘱 话题 代写 文书 话题"
大学生 长期 接代 chao,"大学生 长期 接代 chao 
 长期 代理 抄写 手写 
 语言 类别 中文 英文 
 交货 形式 照片 形式 发送 检查 纸质 版 邮费 自付 
 收费 
 100 字内 2 元 
 300 字内 5 元 
 1000 字内 10 元 
 10001500 字 15 元 
 15002000 字 20 元 
 20002500 字 25 元 
 25003000 字 30 元 3000 字 500 字 5 元 英文 100 词 3 元 500 词 5 元 1000 次 10 元 以此类推 
 横格纸 A4 纸 免费 纸张 自费 
 当天 下单 当天 
 软笔 书法 楷隶行 篆 商议 价格 
 代 抄写 话题 代抄 话题 代写 抄写 话题 代写 书法作品 话题"
律师 高危 职业,"律师 无偿 代写 申诉状 却 当事人 索赔 8 万 
 	 
 案件 起点 一场 劳动 争议 李师傅 外来 务工人员 多年 多家 企业 劳动合同 产生纠纷 背景 下 上海 律师 事务所 签订 三份 聘请 律师 合同 代理 三起 劳动 仲裁 诉讼 案件 
 	 
 合同 约定 代理费 极低 
 	 
 仲裁 阶段 仅 2000 元 
 	 
 一审 阶段 仅 2000 元 
 	 
 二审 仅 1000 元 工作 免费 代理 
 	 
 三份 合同 代理 结束 后 李师傅 败诉 不满 找到 律师 申诉 律师 王某 李师傅 抱 同情 再审 申诉 胜算 不高 写 一份 申诉状 无妨 
 	 
 王 律师 未 收取 费用 仅 李师傅 提供 案件 信息 代为 撰写 申诉 材料 申诉 材料 提交 后 超过 申请 再审 法定期限 法院 驳回 李师傅 大怒 律师 疏忽 剥夺 再审 权利 遂 律师 所在 律 所告 上 法庭 索赔 8 万元 返还 律师费 
 	 
 
 	 
 二 案件 审理 一审 再审 纷争 
 	 
 1 一审 法院 律师 存 附随 义务 
 	 
 一审 法院 律师 虽未 收取 代书 费用 基于 此前 代理 关系 仍 负有 附随 义务 包括 告知 法律 变动 指导 当事人 准确 理解 相关 程序 期限 王 律师 未能 履行 义务 过失 判 定律 需向 李师傅 赔偿 2000 元 驳回 索赔 请求 
 	 
 法院 认定 关键点 
 	 
 附随 义务 基于 此前 签订 代理 合同 律师 提供 后续 法律 指导 
 	 
 过失 认定 律师 未 告知 申请 再审 期限 缩短 6 月 法律 变化 导致 申诉 失败 
 	 
 2 二审 判决 维持原判 
 	 
 律所 不服 一审判决 未 收费 善意 代书 不 应 赔偿 责任 二审 法院 却 维持原判 进一步 律师 基于 专业 地位 应对 当事人 权益 保护 
 	 
 3 再审 请求 法院 不予 受理 
 	 
 律 不 甘心 高院 申请 再审 再审 裁定 维持原判 这一 使 案件 尘埃落定 引发 律师 行业 职业 风险管理 深度 反思"
代写 我会 无限 循环 爱,"世界 上 最 甜蜜 事情 喜欢 里 喜欢 
 	 
 手写 情书 话题 代写 可接 代写 话题 手写 摘抄 话题 手写 文字 话题 手写 字体 话题"
第一次 帮别人 代笔 还好 对方 满意,手 写信 话题
花钱 找 代写 代写 送 一个 学术 不端,"宝子 代写 坑惨 花 钱 换来 一个 学术 不 端的 本来 还 打算 约 朋友 放松 这下 只能 躲 宿舍 想 办法 解 jue 人 大 后悔 状态 
 原因 是因为 宝子 距离 ddl 时间 接近 确实 来不及 提交 作业 找 个代 x 帮忙 
 没想到 教师 端 turnitin 一查 重复 率 82 这高得 离谱 
 直面 退学 风险 宝子 明白 这次 情况 比较严重 不 打算 diy 找到 去 
 ㅤ 
 无论是 读 本科 硕士 留学生 找代 学术 不端 中 jue 排前 坐实 开除 jue 抱 侥幸心理 一申 zui 好 找 专业人士 帮忙 见过 太多 diy 失败 例子 浪费 还 浪费时间 硬生生 增加 难度 
 ㅤ 
 好 宝子 找 还算 早 错过 申诉 黄金时间 好 statement evidence 提交 学校 顺利 解 jue 
 
 
 学术 不端 包括 不 限于 
 收到 听证会 通知 
 申请 考试 essay 作业 延期 
 课程 挂科 
 学位 提升 
 ㅤ 
 团队 
 放 一万个 心 个个 都 老油条 接过 case 想象 
 留学 英国 话题 留学 澳洲 话题 留学 事 话题 学术 不端 话题 KCL 话题 澳洲 学术 不端 听证会 话题 墨尔本大学 话题 UNSW 话题"
朋友 找 代写 文采 太好 抓 去 专职 写 材料,留学 论文 辅导 润色 话题 英语论文 修改 润色 话题 日常 话题
请 找 代写,"说 一类 参加 学术 不端 听证会 人 找 代写 发现 学术 不端 听证会 找 代写 帮忙 来讲 几个 case 
 case 1 
 学生 找 代写 大 论文 采访 方式 数据 造假 老师 怀疑 采访 方式 一手 参加 见面会 听从 代写 一顿 神 操作 老师 发现 数据 造假 院级 听证会 院级 后 代 写给 写 一个 statementstatement 都 求 坦白从宽 会后 校级 听证会 满 世界 找 学术 不端 中介 找到 一看 会上 记录 死死的 救 拒绝 case 再 开除 问 办法 申诉 
 case 2 
 学生 找 代写 例子 编 故事 老师 初级 会议 代写 一顿 商量 思路 都 好 老师 思路 问 文件 署名 本人 老师 问 傻 学校 安排 校级 会议 听 朋友 说 校级 不 承认 没事 校级 跟着 代写 会上 问 前言不搭后语 坐实 找 代写 开除 更 搞笑 申诉 机会 找 代写 帮忙 肯定 拒 OIA 找到 神仙 都 没 办法 
 真心 建议 找 代写 好好 读 文献 多花点 时间 写 找 专业 人来 英国 学术 不端 听证会 话题 留学 英国 话题 英国 学术 不端 话题 学术 不端 申诉 话题 学术 不端 话题 英国 留学 申诉 话题"
